SP2MYQF316JWNY0M6MBGRFPZS17GJKRA26ZPB35HM,1367
SP2MYQF316JWNY0M6MBGRFPZS17GJKRA26ZPB35HM,1366
SP2MYQF316JWNY0M6MBGRFPZS17GJKRA26ZPB35HM,1365
SP2MYQF316JWNY0M6MBGRFPZS17GJKRA26ZPB35HM,1364
SP2TH0ZEF2AKBVH93A4ST0GNWKFTXDQ34YSR1CA42,1363
SP2TH0ZEF2AKBVH93A4ST0GNWKFTXDQ34YSR1CA42,1362
SP2TH0ZEF2AKBVH93A4ST0GNWKFTXDQ34YSR1CA42,1361
SP2TH0ZEF2AKBVH93A4ST0GNWKFTXDQ34YSR1CA42,1360
SP1WHJE2NYAZHWKHK3M2F13X12FSHWDJHYBCT3P8W,1359
SP1WHJE2NYAZHWKHK3M2F13X12FSHWDJHYBCT3P8W,1358
SP1PAJJ9MRPXENJCQCC6XZSSGKASPA01X67ZW1AG2,1357
SP1PAJJ9MRPXENJCQCC6XZSSGKASPA01X67ZW1AG2,1356
SP1PAJJ9MRPXENJCQCC6XZSSGKASPA01X67ZW1AG2,1355
SP1PAJJ9MRPXENJCQCC6XZSSGKASPA01X67ZW1AG2,1354
SP3G49XKGBPA1HW6NF69R53VZNH4AAEP4EN1W06GX,1353
SP3G49XKGBPA1HW6NF69R53VZNH4AAEP4EN1W06GX,1352
SP3G49XKGBPA1HW6NF69R53VZNH4AAEP4EN1W06GX,1351
SP3G49XKGBPA1HW6NF69R53VZNH4AAEP4EN1W06GX,1350
SP2EWA4BE511DK2KKK71YF1NHFM5NZR3Y2Z1091R1,1349
SP2EWA4BE511DK2KKK71YF1NHFM5NZR3Y2Z1091R1,1348
SP2EWA4BE511DK2KKK71YF1NHFM5NZR3Y2Z1091R1,1347
SP2EWA4BE511DK2KKK71YF1NHFM5NZR3Y2Z1091R1,1346
SP13K083XS2DYEQ7PR7KZFF3SQGH50V3WMN3AS3DH,1345
SP13K083XS2DYEQ7PR7KZFF3SQGH50V3WMN3AS3DH,1344
SP13K083XS2DYEQ7PR7KZFF3SQGH50V3WMN3AS3DH,1343
SP13K083XS2DYEQ7PR7KZFF3SQGH50V3WMN3AS3DH,1342
SP3DYY6XZBXAQTKNWJ9RK70JHNNCQTPC7RM0NJ44T,1341
SP2VCZJDTT5TJ7A3QPPJPTEF7A9CD8FRG2BEEJF3D,1340
SP2VCZJDTT5TJ7A3QPPJPTEF7A9CD8FRG2BEEJF3D,1339
SP2VCZJDTT5TJ7A3QPPJPTEF7A9CD8FRG2BEEJF3D,1338
SP3FNYX415NC2NBVEK2GQ3K22SV7BAQEQXX1AE1RC,1337
SP3FNYX415NC2NBVEK2GQ3K22SV7BAQEQXX1AE1RC,1336
SP3FNYX415NC2NBVEK2GQ3K22SV7BAQEQXX1AE1RC,1335
SP3FNYX415NC2NBVEK2GQ3K22SV7BAQEQXX1AE1RC,1334
SP3A0H5WERFZKYSPYJFRJ23RA04SV5PC07E69999W,1333
SP3A0H5WERFZKYSPYJFRJ23RA04SV5PC07E69999W,1332
SP3A0H5WERFZKYSPYJFRJ23RA04SV5PC07E69999W,1331
SP3A0H5WERFZKYSPYJFRJ23RA04SV5PC07E69999W,1330
SP2CP0E4277EW09RTMJ7NXPBY9WN1H898WAMN2BKP,1329
SP2CP0E4277EW09RTMJ7NXPBY9WN1H898WAMN2BKP,1328
SP2CP0E4277EW09RTMJ7NXPBY9WN1H898WAMN2BKP,1327
SP2CP0E4277EW09RTMJ7NXPBY9WN1H898WAMN2BKP,1326
SP33HM3RXMCMSDKC1N58X6M78XZ3PJYM2NY95TQNN,1325
SP33HM3RXMCMSDKC1N58X6M78XZ3PJYM2NY95TQNN,1324
SP33HM3RXMCMSDKC1N58X6M78XZ3PJYM2NY95TQNN,1323
SP33HM3RXMCMSDKC1N58X6M78XZ3PJYM2NY95TQNN,1322
SP16GV7TPQ84AFNE07JD59VDWNHHE2FADBGRGT4YG,1321
SP16GV7TPQ84AFNE07JD59VDWNHHE2FADBGRGT4YG,1320
SP16GV7TPQ84AFNE07JD59VDWNHHE2FADBGRGT4YG,1319
SP16GV7TPQ84AFNE07JD59VDWNHHE2FADBGRGT4YG,1318
SP2KKFGGFDE47DYQFYGJB7M1VGS92GAZ1NQ4JBHVA,1317
SP2KKFGGFDE47DYQFYGJB7M1VGS92GAZ1NQ4JBHVA,1316
SP2KKFGGFDE47DYQFYGJB7M1VGS92GAZ1NQ4JBHVA,1315
SP2KKFGGFDE47DYQFYGJB7M1VGS92GAZ1NQ4JBHVA,1314
SPMFJNS1FF7TVJP65YY2D4APWC2XCWCWGZS9J4GJ,1313
SPMFJNS1FF7TVJP65YY2D4APWC2XCWCWGZS9J4GJ,1312
SPMFJNS1FF7TVJP65YY2D4APWC2XCWCWGZS9J4GJ,1311
SPMFJNS1FF7TVJP65YY2D4APWC2XCWCWGZS9J4GJ,1310
SP3KG5H1PAH78VWFAW3S4BFS6E504RWPYXV83KAXA,1309
SP3KG5H1PAH78VWFAW3S4BFS6E504RWPYXV83KAXA,1308
SP3KG5H1PAH78VWFAW3S4BFS6E504RWPYXV83KAXA,1307
SP3KG5H1PAH78VWFAW3S4BFS6E504RWPYXV83KAXA,1306
SPZHEKHK7FYP9J4Q8V2QFS0J5YJXH070K6Q5RGBP,1305
SPZHEKHK7FYP9J4Q8V2QFS0J5YJXH070K6Q5RGBP,1304
SPZHEKHK7FYP9J4Q8V2QFS0J5YJXH070K6Q5RGBP,1303
SPZHEKHK7FYP9J4Q8V2QFS0J5YJXH070K6Q5RGBP,1302
SP1ET2F3ARW365ADA90NPV9SJHEBWAVVNNHQGT1PH,1301
SP1ET2F3ARW365ADA90NPV9SJHEBWAVVNNHQGT1PH,1300
SP1ET2F3ARW365ADA90NPV9SJHEBWAVVNNHQGT1PH,1299
SP1ET2F3ARW365ADA90NPV9SJHEBWAVVNNHQGT1PH,1298
SP1ERZZ0G7KERNCXQDJF4GTHCF8DGZB8001YCNPQG,1297
SP1ERZZ0G7KERNCXQDJF4GTHCF8DGZB8001YCNPQG,1296
SP1ERZZ0G7KERNCXQDJF4GTHCF8DGZB8001YCNPQG,1295
SP1ERZZ0G7KERNCXQDJF4GTHCF8DGZB8001YCNPQG,1294
SPBWF76FHRNA9C1A6ZZ896B3XRRK5TGGW7X9A55A,1293
SPBWF76FHRNA9C1A6ZZ896B3XRRK5TGGW7X9A55A,1292
SP3Z6FWNDZZSS167E6DTS81G7715BK13M5108ZXHG,1291
SP3Z6FWNDZZSS167E6DTS81G7715BK13M5108ZXHG,1290
SP3Z6FWNDZZSS167E6DTS81G7715BK13M5108ZXHG,1289
SP2SZQ2WKJNANP3VN9W3S8HFC9DNY6Z1EVR1YRP4P,1288
SP2SZQ2WKJNANP3VN9W3S8HFC9DNY6Z1EVR1YRP4P,1287
SP2SZQ2WKJNANP3VN9W3S8HFC9DNY6Z1EVR1YRP4P,1286
SP2SZQ2WKJNANP3VN9W3S8HFC9DNY6Z1EVR1YRP4P,1285
SP3DM7D31TNPDS4T2KG2STXT42KR1M18WGJT4DFZS,1284
SP3DM7D31TNPDS4T2KG2STXT42KR1M18WGJT4DFZS,1283
SP3DM7D31TNPDS4T2KG2STXT42KR1M18WGJT4DFZS,1282
SP3DM7D31TNPDS4T2KG2STXT42KR1M18WGJT4DFZS,1281
SP1JEXAQAZQWMPM629RA6BC811Z9RXDH641E21C6M,1280
SP1JEXAQAZQWMPM629RA6BC811Z9RXDH641E21C6M,1279
SP1JEXAQAZQWMPM629RA6BC811Z9RXDH641E21C6M,1278
SP1JEXAQAZQWMPM629RA6BC811Z9RXDH641E21C6M,1277
SP3M6A7Q690PEAYRBBM4R6MSBSW6AD3N633YQTK2,1276
SP3M6A7Q690PEAYRBBM4R6MSBSW6AD3N633YQTK2,1275
SP3M6A7Q690PEAYRBBM4R6MSBSW6AD3N633YQTK2,1274
SP3M6A7Q690PEAYRBBM4R6MSBSW6AD3N633YQTK2,1273
SP2HDF5A0ZD2CG2SEE3NSVE9TCPFJ3Y14BQ8W997Z,1272
SP2HDF5A0ZD2CG2SEE3NSVE9TCPFJ3Y14BQ8W997Z,1271
SPNRPPRT5YPKA0AR0T2G8XTP5Y3GCQNKNJY98K9R,1270
SPNRPPRT5YPKA0AR0T2G8XTP5Y3GCQNKNJY98K9R,1269
SPNRPPRT5YPKA0AR0T2G8XTP5Y3GCQNKNJY98K9R,1268
SPNRPPRT5YPKA0AR0T2G8XTP5Y3GCQNKNJY98K9R,1267
SP3A294T3SSG8VZXN3DGFC409STB7BQF3Q1M188FQ,1266
SP3A294T3SSG8VZXN3DGFC409STB7BQF3Q1M188FQ,1265
SP3A294T3SSG8VZXN3DGFC409STB7BQF3Q1M188FQ,1264
SP3A294T3SSG8VZXN3DGFC409STB7BQF3Q1M188FQ,1263
SP3J9CZ0HNRZX7S5YBAFPT3SJ4KP1PBSRVP3TQAT7,1262
SP3J9CZ0HNRZX7S5YBAFPT3SJ4KP1PBSRVP3TQAT7,1261
SP3J9CZ0HNRZX7S5YBAFPT3SJ4KP1PBSRVP3TQAT7,1260
SP3J9CZ0HNRZX7S5YBAFPT3SJ4KP1PBSRVP3TQAT7,1259
SP17B475SHGM98Y39AR2AVZ3ZFTWV61MKDPFCGF3A,1258
SP17B475SHGM98Y39AR2AVZ3ZFTWV61MKDPFCGF3A,1257
SP17B475SHGM98Y39AR2AVZ3ZFTWV61MKDPFCGF3A,1256
SP17B475SHGM98Y39AR2AVZ3ZFTWV61MKDPFCGF3A,1255
SP36KK1WYNES6725ERKNCFHYFXBF81E8S73AAPKGP,1254
SP36KK1WYNES6725ERKNCFHYFXBF81E8S73AAPKGP,1253
SP36KK1WYNES6725ERKNCFHYFXBF81E8S73AAPKGP,1252
SP36KK1WYNES6725ERKNCFHYFXBF81E8S73AAPKGP,1251
SPM2CFQ8GJPYV58M3E2BP3C0W22WP7NJB8CVPJDS,1250
SPM2CFQ8GJPYV58M3E2BP3C0W22WP7NJB8CVPJDS,1249
SPM2CFQ8GJPYV58M3E2BP3C0W22WP7NJB8CVPJDS,1248
SPM2CFQ8GJPYV58M3E2BP3C0W22WP7NJB8CVPJDS,1247
SP1AA4S15Y4RTK6JE0JPYGPCBSYEBSRV6H67BPG3S,1246
SP1AA4S15Y4RTK6JE0JPYGPCBSYEBSRV6H67BPG3S,1245
SP1AA4S15Y4RTK6JE0JPYGPCBSYEBSRV6H67BPG3S,1244
SP1AA4S15Y4RTK6JE0JPYGPCBSYEBSRV6H67BPG3S,1243
SP13HANVBCVYYZBWYEGXB5RQV6Q8QZ0R782N3BE51,1242
SP13HANVBCVYYZBWYEGXB5RQV6Q8QZ0R782N3BE51,1241
SP13HANVBCVYYZBWYEGXB5RQV6Q8QZ0R782N3BE51,1240
SP13HANVBCVYYZBWYEGXB5RQV6Q8QZ0R782N3BE51,1239
SP3VTPMYKWTC2QS3C220394BA4R9B20CZW8PF3APQ,1238
SP3VTPMYKWTC2QS3C220394BA4R9B20CZW8PF3APQ,1237
SP3VTPMYKWTC2QS3C220394BA4R9B20CZW8PF3APQ,1236
SP3VTPMYKWTC2QS3C220394BA4R9B20CZW8PF3APQ,1235
SP334F8NJ039RBZ4QG3N8JZTC7KEDHWKQ2NEZCD6T,1234
SP334F8NJ039RBZ4QG3N8JZTC7KEDHWKQ2NEZCD6T,1233
SP334F8NJ039RBZ4QG3N8JZTC7KEDHWKQ2NEZCD6T,1232
SP334F8NJ039RBZ4QG3N8JZTC7KEDHWKQ2NEZCD6T,1231
SPKP1V57RK96NQN8TAZ0ANGV6RGQ9WAJWNJ3T19E,1230
SPKP1V57RK96NQN8TAZ0ANGV6RGQ9WAJWNJ3T19E,1229
SPKP1V57RK96NQN8TAZ0ANGV6RGQ9WAJWNJ3T19E,1228
SPKP1V57RK96NQN8TAZ0ANGV6RGQ9WAJWNJ3T19E,1227
SP19P9Y790BVP2C7Y6BCTH20TAXCGF4QNTDS4PZ5P,1226
SP19P9Y790BVP2C7Y6BCTH20TAXCGF4QNTDS4PZ5P,1225
SP19P9Y790BVP2C7Y6BCTH20TAXCGF4QNTDS4PZ5P,1224
SP19P9Y790BVP2C7Y6BCTH20TAXCGF4QNTDS4PZ5P,1223
SP39HKMGXW6T5HBHTT6MZ3ZP9NJ9JCEX6B6W6FEMA,1222
SP39HKMGXW6T5HBHTT6MZ3ZP9NJ9JCEX6B6W6FEMA,1221
SP39HKMGXW6T5HBHTT6MZ3ZP9NJ9JCEX6B6W6FEMA,1220
SP39HKMGXW6T5HBHTT6MZ3ZP9NJ9JCEX6B6W6FEMA,1219
SP3QKA2TR83TX6YQE327Y5Q53QMBYGVG3MEN8KJBF,1218
SP3QKA2TR83TX6YQE327Y5Q53QMBYGVG3MEN8KJBF,1217
SP3QKA2TR83TX6YQE327Y5Q53QMBYGVG3MEN8KJBF,1216
SP3QKA2TR83TX6YQE327Y5Q53QMBYGVG3MEN8KJBF,1215
SP710X9V22KNEV3NNNR13P3KNH0VRDFNK27HNK3X,1214
SP710X9V22KNEV3NNNR13P3KNH0VRDFNK27HNK3X,1213
SP710X9V22KNEV3NNNR13P3KNH0VRDFNK27HNK3X,1212
SP710X9V22KNEV3NNNR13P3KNH0VRDFNK27HNK3X,1211
SP2G2F1WYXKRXJVM091NE5H324BBSEGF1D6VMZ5FS,1210
SP2G2F1WYXKRXJVM091NE5H324BBSEGF1D6VMZ5FS,1209
SP2G2F1WYXKRXJVM091NE5H324BBSEGF1D6VMZ5FS,1208
SP2G2F1WYXKRXJVM091NE5H324BBSEGF1D6VMZ5FS,1207
SP1C1P9ZJMCH8H0HCRTVEPCAVMJMA3A4PZ76TV5NA,1206
SP1C1P9ZJMCH8H0HCRTVEPCAVMJMA3A4PZ76TV5NA,1205
SP1C1P9ZJMCH8H0HCRTVEPCAVMJMA3A4PZ76TV5NA,1204
SP1C1P9ZJMCH8H0HCRTVEPCAVMJMA3A4PZ76TV5NA,1203
SP113C966NAQNQCS1VER3PQWRDDTNZ1TYF0BPX3EM,1202
SP113C966NAQNQCS1VER3PQWRDDTNZ1TYF0BPX3EM,1201
SP113C966NAQNQCS1VER3PQWRDDTNZ1TYF0BPX3EM,1200
SP113C966NAQNQCS1VER3PQWRDDTNZ1TYF0BPX3EM,1199
SP2EJBFMJZHFHMNAPGD3XJZJQH0FGBXJVDQ36PZPP,1198
SP2EJBFMJZHFHMNAPGD3XJZJQH0FGBXJVDQ36PZPP,1197
SP2EJBFMJZHFHMNAPGD3XJZJQH0FGBXJVDQ36PZPP,1196
SP2EJBFMJZHFHMNAPGD3XJZJQH0FGBXJVDQ36PZPP,1195
SP3PZ9ZQPJ0WXX9APS2VZX239BHK39FEVT185ZR8H,1194
SP3PZ9ZQPJ0WXX9APS2VZX239BHK39FEVT185ZR8H,1193
SP3PZ9ZQPJ0WXX9APS2VZX239BHK39FEVT185ZR8H,1192
SP3PZ9ZQPJ0WXX9APS2VZX239BHK39FEVT185ZR8H,1191
SP1S5NPA5M0NXNYAQPF691HRS0KFW7VQ54BRVZ6NW,1190
SP1S5NPA5M0NXNYAQPF691HRS0KFW7VQ54BRVZ6NW,1189
SP1S5NPA5M0NXNYAQPF691HRS0KFW7VQ54BRVZ6NW,1188
SP1S5NPA5M0NXNYAQPF691HRS0KFW7VQ54BRVZ6NW,1187
SP2T5SRK71JJMT3JHHX7F35VM9XE84V1W60J2QE6D,1186
SP2T5SRK71JJMT3JHHX7F35VM9XE84V1W60J2QE6D,1185
SP2T5SRK71JJMT3JHHX7F35VM9XE84V1W60J2QE6D,1184
SP2T5SRK71JJMT3JHHX7F35VM9XE84V1W60J2QE6D,1183
SP3PWW09NKQ5PBP26E4GCB1AJ79PV6SZBEGX9XG6Z,1182
SP3PWW09NKQ5PBP26E4GCB1AJ79PV6SZBEGX9XG6Z,1181
SP3PWW09NKQ5PBP26E4GCB1AJ79PV6SZBEGX9XG6Z,1180
SP3PWW09NKQ5PBP26E4GCB1AJ79PV6SZBEGX9XG6Z,1179
SPWS176WQE0WYXA0YNWDWS5T5W0KRXBV5RSH8BNX,1178
SPWS176WQE0WYXA0YNWDWS5T5W0KRXBV5RSH8BNX,1177
SPWS176WQE0WYXA0YNWDWS5T5W0KRXBV5RSH8BNX,1176
SPWS176WQE0WYXA0YNWDWS5T5W0KRXBV5RSH8BNX,1175
SP19AYXTE2C1552BQ9KAJS2SA0CRHS0XKGKP90K5Z,1174
SP19AYXTE2C1552BQ9KAJS2SA0CRHS0XKGKP90K5Z,1173
SP19AYXTE2C1552BQ9KAJS2SA0CRHS0XKGKP90K5Z,1172
SP19AYXTE2C1552BQ9KAJS2SA0CRHS0XKGKP90K5Z,1171
SP3QMHQBADCZZZVAMSNR8NZEFQYC044Y4TAEQX0D2,1170
SP3QMHQBADCZZZVAMSNR8NZEFQYC044Y4TAEQX0D2,1169
SP3QMHQBADCZZZVAMSNR8NZEFQYC044Y4TAEQX0D2,1168
SP3QMHQBADCZZZVAMSNR8NZEFQYC044Y4TAEQX0D2,1167
SP2Y8ZW4GZSNV18KC6VNVK6EBT3MH46Q55HKA3808,1166
SP2Y8ZW4GZSNV18KC6VNVK6EBT3MH46Q55HKA3808,1165
SP2Y8ZW4GZSNV18KC6VNVK6EBT3MH46Q55HKA3808,1164
SP2Y8ZW4GZSNV18KC6VNVK6EBT3MH46Q55HKA3808,1163
SPC28Q2RBKKYCBD00XE3HFT1RFGCF8N6W1TBY56Q,1162
SPC28Q2RBKKYCBD00XE3HFT1RFGCF8N6W1TBY56Q,1161
SPC28Q2RBKKYCBD00XE3HFT1RFGCF8N6W1TBY56Q,1160
SPC28Q2RBKKYCBD00XE3HFT1RFGCF8N6W1TBY56Q,1159
SP20Z6G3MX9ATYRJT010V4Z7XXP0HEWMP0Q32B019,1158
SP20Z6G3MX9ATYRJT010V4Z7XXP0HEWMP0Q32B019,1157
SP20Z6G3MX9ATYRJT010V4Z7XXP0HEWMP0Q32B019,1156
SP20Z6G3MX9ATYRJT010V4Z7XXP0HEWMP0Q32B019,1155
SP10HQP0PC0BEEEACR1BMXA769HW8M65NEDWJ20K9,1154
SP10HQP0PC0BEEEACR1BMXA769HW8M65NEDWJ20K9,1153
SP10HQP0PC0BEEEACR1BMXA769HW8M65NEDWJ20K9,1152
SP10HQP0PC0BEEEACR1BMXA769HW8M65NEDWJ20K9,1151
SP2MA4TTQH42YQV6D0SS0KZ9102RXF68AHJ6H02ND,1150
SP2MA4TTQH42YQV6D0SS0KZ9102RXF68AHJ6H02ND,1149
SP2MA4TTQH42YQV6D0SS0KZ9102RXF68AHJ6H02ND,1148
SP2MA4TTQH42YQV6D0SS0KZ9102RXF68AHJ6H02ND,1147
SP3BJ0E1NRWFXS9XEHMMPDBNV5EBZ3S5ZN2XHET7W,1146
SP3BJ0E1NRWFXS9XEHMMPDBNV5EBZ3S5ZN2XHET7W,1145
SP3BJ0E1NRWFXS9XEHMMPDBNV5EBZ3S5ZN2XHET7W,1144
SP3BJ0E1NRWFXS9XEHMMPDBNV5EBZ3S5ZN2XHET7W,1143
SPK1MMYCHWB8E40JRV0DWEYWRDYR2QV1FJYCS8C1,1142
SPK1MMYCHWB8E40JRV0DWEYWRDYR2QV1FJYCS8C1,1141
SPK1MMYCHWB8E40JRV0DWEYWRDYR2QV1FJYCS8C1,1140
SPK1MMYCHWB8E40JRV0DWEYWRDYR2QV1FJYCS8C1,1139
SP325P0GCBWNV94P7QQ4FKFGCGSGXPMZ7EFH8DYPA,1138
SP325P0GCBWNV94P7QQ4FKFGCGSGXPMZ7EFH8DYPA,1137
SP325P0GCBWNV94P7QQ4FKFGCGSGXPMZ7EFH8DYPA,1136
SP325P0GCBWNV94P7QQ4FKFGCGSGXPMZ7EFH8DYPA,1135
SP3XVBQ4FKDNDTS3KFQ83GED16J845ZNK6PXCW7RT,1134
SP3XVBQ4FKDNDTS3KFQ83GED16J845ZNK6PXCW7RT,1133
SP3XVBQ4FKDNDTS3KFQ83GED16J845ZNK6PXCW7RT,1132
SP3XVBQ4FKDNDTS3KFQ83GED16J845ZNK6PXCW7RT,1131
SP14NSM2BAB9MGMYNXJB93NY4EF4NFRW3G3EFBZDX,1130
SP14NSM2BAB9MGMYNXJB93NY4EF4NFRW3G3EFBZDX,1129
SP14NSM2BAB9MGMYNXJB93NY4EF4NFRW3G3EFBZDX,1128
SP3JMYXYRTBA9X5J53SDWEM6DA0VVEMT4TXEDE2EZ,1127
SP3JMYXYRTBA9X5J53SDWEM6DA0VVEMT4TXEDE2EZ,1126
SP3JMYXYRTBA9X5J53SDWEM6DA0VVEMT4TXEDE2EZ,1125
SP3JMYXYRTBA9X5J53SDWEM6DA0VVEMT4TXEDE2EZ,1124
SPJYX32DA47N9R3CE6XFWFZV0V92X2WPTHA394SV,1123
SPJYX32DA47N9R3CE6XFWFZV0V92X2WPTHA394SV,1122
SPJYX32DA47N9R3CE6XFWFZV0V92X2WPTHA394SV,1121
SPJYX32DA47N9R3CE6XFWFZV0V92X2WPTHA394SV,1120
SP3GYXZKYH6DZKCW8ESBVPN5N6KTKC5WHK4AKD0MP,1119
SP3GYXZKYH6DZKCW8ESBVPN5N6KTKC5WHK4AKD0MP,1118
SP3GYXZKYH6DZKCW8ESBVPN5N6KTKC5WHK4AKD0MP,1117
SP3GYXZKYH6DZKCW8ESBVPN5N6KTKC5WHK4AKD0MP,1116
SP1B83VSK7GF4HJZDDRHCT6JF57AX6HHXJ4YWM6WA,1115
SP1B83VSK7GF4HJZDDRHCT6JF57AX6HHXJ4YWM6WA,1114
SP1B83VSK7GF4HJZDDRHCT6JF57AX6HHXJ4YWM6WA,1113
SP1B83VSK7GF4HJZDDRHCT6JF57AX6HHXJ4YWM6WA,1112
SP2D0M5B89QXCA01CM9TG5H8XBGC7KT1ZJCAYQN8R,1111
SP2D0M5B89QXCA01CM9TG5H8XBGC7KT1ZJCAYQN8R,1110
SP2D0M5B89QXCA01CM9TG5H8XBGC7KT1ZJCAYQN8R,1109
SP2D0M5B89QXCA01CM9TG5H8XBGC7KT1ZJCAYQN8R,1108
SP2Z47ZMH1GJ9XZHNBM054KWHY1JN2N97PG3A1V81,1107
SP2Z47ZMH1GJ9XZHNBM054KWHY1JN2N97PG3A1V81,1106
SP2Z47ZMH1GJ9XZHNBM054KWHY1JN2N97PG3A1V81,1105
SP2Z47ZMH1GJ9XZHNBM054KWHY1JN2N97PG3A1V81,1104
SP2B4TWBZH48846JVCZ9BYGEW3S4CQKFHJWDPCE7F,1103
SP2BYP1MWEWV6A2AZWB6MXPJC725R4Z5BM4YN087H,1102
SP2BYP1MWEWV6A2AZWB6MXPJC725R4Z5BM4YN087H,1101
SP2BYP1MWEWV6A2AZWB6MXPJC725R4Z5BM4YN087H,1100
SP2BYP1MWEWV6A2AZWB6MXPJC725R4Z5BM4YN087H,1099
SP37S6ASV5A45JJ9MQWD1GG53W0CYMKXQZ6D9BR2P,1098
SPDZ56FT3QFM931J9CRT7R0MW527K48ZD23NSC4X,1097
SPDZ56FT3QFM931J9CRT7R0MW527K48ZD23NSC4X,1096
SPDZ56FT3QFM931J9CRT7R0MW527K48ZD23NSC4X,1095
SPDZ56FT3QFM931J9CRT7R0MW527K48ZD23NSC4X,1094
SP1KWYVRXSTJNZ4BMX6VS3C689VSAN1FQT0GDZHFE,1093
SP1KWYVRXSTJNZ4BMX6VS3C689VSAN1FQT0GDZHFE,1092
SP1KWYVRXSTJNZ4BMX6VS3C689VSAN1FQT0GDZHFE,1091
SP1KWYVRXSTJNZ4BMX6VS3C689VSAN1FQT0GDZHFE,1090
SP1EHWYVGTNY09VESTYRP7KCFZQCCCF499QRRFG7P,1089
SP1EHWYVGTNY09VESTYRP7KCFZQCCCF499QRRFG7P,1088
SP1EHWYVGTNY09VESTYRP7KCFZQCCCF499QRRFG7P,1087
SP1EHWYVGTNY09VESTYRP7KCFZQCCCF499QRRFG7P,1086
SP2584XRNCECJMG28ET47RNGST5HVFJDFYWCF93V2,1085
SP2584XRNCECJMG28ET47RNGST5HVFJDFYWCF93V2,1084
SP2584XRNCECJMG28ET47RNGST5HVFJDFYWCF93V2,1083
SP2584XRNCECJMG28ET47RNGST5HVFJDFYWCF93V2,1082
SP2SPEB7T42GTH81AR8BB18HHFWMPAMPXTZW0QVPR,1081
SP2SPEB7T42GTH81AR8BB18HHFWMPAMPXTZW0QVPR,1080
SP2SPEB7T42GTH81AR8BB18HHFWMPAMPXTZW0QVPR,1079
SP2SPEB7T42GTH81AR8BB18HHFWMPAMPXTZW0QVPR,1078
SP1TDYJ4TG68ANP1SG13M7MEFPJBF3XNKWQ3609G8,1077
SP1TDYJ4TG68ANP1SG13M7MEFPJBF3XNKWQ3609G8,1076
SP1TDYJ4TG68ANP1SG13M7MEFPJBF3XNKWQ3609G8,1075
SP1TDYJ4TG68ANP1SG13M7MEFPJBF3XNKWQ3609G8,1074
SPKQJ7T8W94JAQX1XJ7NQTZCGWW32W7XGR607EA1,1073
SPKQJ7T8W94JAQX1XJ7NQTZCGWW32W7XGR607EA1,1072
SPKQJ7T8W94JAQX1XJ7NQTZCGWW32W7XGR607EA1,1071
SPKQJ7T8W94JAQX1XJ7NQTZCGWW32W7XGR607EA1,1070
SP1D9RSJ6M14EBQTD2HJSCG363DSE3VQVJ73V6K0H,1069
SP1D9RSJ6M14EBQTD2HJSCG363DSE3VQVJ73V6K0H,1068
SP1D9RSJ6M14EBQTD2HJSCG363DSE3VQVJ73V6K0H,1067
SP1D9RSJ6M14EBQTD2HJSCG363DSE3VQVJ73V6K0H,1066
SPTR1DJVM5ZNPRY0M5ED3HJ1MT2ZZV90T9QV11DN,1065
SPTR1DJVM5ZNPRY0M5ED3HJ1MT2ZZV90T9QV11DN,1064
SPTR1DJVM5ZNPRY0M5ED3HJ1MT2ZZV90T9QV11DN,1063
SPTR1DJVM5ZNPRY0M5ED3HJ1MT2ZZV90T9QV11DN,1062
SP1FAKG5T3TNKR64B1KYHWDBVH0QS8G99N13T61QE,1061
SP1FAKG5T3TNKR64B1KYHWDBVH0QS8G99N13T61QE,1060
SP1FAKG5T3TNKR64B1KYHWDBVH0QS8G99N13T61QE,1059
SP1FAKG5T3TNKR64B1KYHWDBVH0QS8G99N13T61QE,1058
SP25BNDPJBQ1Q25VHWKYCNHBSBGJMRDNB9A9TAE40,1057
SP25BNDPJBQ1Q25VHWKYCNHBSBGJMRDNB9A9TAE40,1056
SP25BNDPJBQ1Q25VHWKYCNHBSBGJMRDNB9A9TAE40,1055
SP25BNDPJBQ1Q25VHWKYCNHBSBGJMRDNB9A9TAE40,1054
SP2JT7KC3HXZR10CBSHJTHKN5Q15MNY6G6NMS1FA6,1053
SP2JT7KC3HXZR10CBSHJTHKN5Q15MNY6G6NMS1FA6,1052
SP2JT7KC3HXZR10CBSHJTHKN5Q15MNY6G6NMS1FA6,1051
SP2JT7KC3HXZR10CBSHJTHKN5Q15MNY6G6NMS1FA6,1050
SP3G9DVB1EW2MRZKS32Z4FAY73SVG5KX8D8H1CSRB,1049
SP3G9DVB1EW2MRZKS32Z4FAY73SVG5KX8D8H1CSRB,1048
SP3G9DVB1EW2MRZKS32Z4FAY73SVG5KX8D8H1CSRB,1047
SP3G9DVB1EW2MRZKS32Z4FAY73SVG5KX8D8H1CSRB,1046
SP3KX6DBMWRQ5PMYQ1NFQEC4R4H9J1TPE4BVP0P8D,1045
SP3KX6DBMWRQ5PMYQ1NFQEC4R4H9J1TPE4BVP0P8D,1044
SP3KX6DBMWRQ5PMYQ1NFQEC4R4H9J1TPE4BVP0P8D,1043
SP3KX6DBMWRQ5PMYQ1NFQEC4R4H9J1TPE4BVP0P8D,1042
SP9EHGYRJWZ167ZP1ZY7M3AP4VSBZAA2S3ZDAXBG,1041
SP9EHGYRJWZ167ZP1ZY7M3AP4VSBZAA2S3ZDAXBG,1040
SP9EHGYRJWZ167ZP1ZY7M3AP4VSBZAA2S3ZDAXBG,1039
SP9EHGYRJWZ167ZP1ZY7M3AP4VSBZAA2S3ZDAXBG,1038
SPXWJG6TB9BFSWC2C44NQ319QDGTPYSNZ84PAZG5,1037
SPXWJG6TB9BFSWC2C44NQ319QDGTPYSNZ84PAZG5,1036
SPXWJG6TB9BFSWC2C44NQ319QDGTPYSNZ84PAZG5,1035
SPXWJG6TB9BFSWC2C44NQ319QDGTPYSNZ84PAZG5,1034
SPEE2S17QQ4YAKVZ6G4BYJ7JC6JFMT6M9RYDVH29,1033
SPEE2S17QQ4YAKVZ6G4BYJ7JC6JFMT6M9RYDVH29,1032
SPEE2S17QQ4YAKVZ6G4BYJ7JC6JFMT6M9RYDVH29,1031
SPEE2S17QQ4YAKVZ6G4BYJ7JC6JFMT6M9RYDVH29,1030
SP2TNHSQFESSTT90QFVYNMVM9CZ4XCP49GQVBEA5B,1029
SP2TNHSQFESSTT90QFVYNMVM9CZ4XCP49GQVBEA5B,1028
SP2TNHSQFESSTT90QFVYNMVM9CZ4XCP49GQVBEA5B,1027
SP2TNHSQFESSTT90QFVYNMVM9CZ4XCP49GQVBEA5B,1026
SPJZVXPBN0GHHYQA3KAFJAAK7RQG3ANG6RAB1F43,1025
SPJZVXPBN0GHHYQA3KAFJAAK7RQG3ANG6RAB1F43,1024
SPJZVXPBN0GHHYQA3KAFJAAK7RQG3ANG6RAB1F43,1023
SPJZVXPBN0GHHYQA3KAFJAAK7RQG3ANG6RAB1F43,1022
SP2TZMT2N7V1WPXYWNE14GXM4YWB7260PP5S3HC9J,1021
SP2TZMT2N7V1WPXYWNE14GXM4YWB7260PP5S3HC9J,1020
SP2TZMT2N7V1WPXYWNE14GXM4YWB7260PP5S3HC9J,1019
SP2TZMT2N7V1WPXYWNE14GXM4YWB7260PP5S3HC9J,1018
SP3DAV77J33FWHBZ142APWZ9G94KY0JCC0Z0D53ZB,1017
SP3DAV77J33FWHBZ142APWZ9G94KY0JCC0Z0D53ZB,1016
SP3DAV77J33FWHBZ142APWZ9G94KY0JCC0Z0D53ZB,1015
SP3DAV77J33FWHBZ142APWZ9G94KY0JCC0Z0D53ZB,1014
SP3RF7NMYWMEVTNRK1P8MPD9NC77EVQ7CS8BV21C6,1013
SP3RF7NMYWMEVTNRK1P8MPD9NC77EVQ7CS8BV21C6,1012
SP3RF7NMYWMEVTNRK1P8MPD9NC77EVQ7CS8BV21C6,1011
SP3RF7NMYWMEVTNRK1P8MPD9NC77EVQ7CS8BV21C6,1010
SP1CTE1GSY59K8VPNTGAF6W2X72JEV5QA73BH8FPH,1009
SP1CTE1GSY59K8VPNTGAF6W2X72JEV5QA73BH8FPH,1008
SP1CTE1GSY59K8VPNTGAF6W2X72JEV5QA73BH8FPH,1007
SP1CTE1GSY59K8VPNTGAF6W2X72JEV5QA73BH8FPH,1006
SP1S8WENCQGPSRHWX08GAPXA6VB0EMH157SKGMCKM,1005
SP1S8WENCQGPSRHWX08GAPXA6VB0EMH157SKGMCKM,1004
SP1S8WENCQGPSRHWX08GAPXA6VB0EMH157SKGMCKM,1003
SP1S8WENCQGPSRHWX08GAPXA6VB0EMH157SKGMCKM,1002
SP19VMVTNT2WK3VEXQ8WGJ463SHT1Q8GT2516DHP5,1001
SP19VMVTNT2WK3VEXQ8WGJ463SHT1Q8GT2516DHP5,1000
SP19VMVTNT2WK3VEXQ8WGJ463SHT1Q8GT2516DHP5,999
SP19VMVTNT2WK3VEXQ8WGJ463SHT1Q8GT2516DHP5,998
SP1VQV48BC1GSWF0T45DFP0XE4WKEWBGR6K3SDK3H,997
SP1VQV48BC1GSWF0T45DFP0XE4WKEWBGR6K3SDK3H,996
SP1VQV48BC1GSWF0T45DFP0XE4WKEWBGR6K3SDK3H,995
SP1VQV48BC1GSWF0T45DFP0XE4WKEWBGR6K3SDK3H,994
SP2V3RB9KK92WRYXZKQM06PX29VAK316GSB00BHWF,993
SP2V3RB9KK92WRYXZKQM06PX29VAK316GSB00BHWF,992
SP2V3RB9KK92WRYXZKQM06PX29VAK316GSB00BHWF,991
SP2V3RB9KK92WRYXZKQM06PX29VAK316GSB00BHWF,990
SP2H8DP4MHZG7VQS1SAZCDJZ7F8HEP3DYKNRMEFB4,989
SP2H8DP4MHZG7VQS1SAZCDJZ7F8HEP3DYKNRMEFB4,988
SP2H8DP4MHZG7VQS1SAZCDJZ7F8HEP3DYKNRMEFB4,987
SP2H8DP4MHZG7VQS1SAZCDJZ7F8HEP3DYKNRMEFB4,986
SP35ZPRFSCA52PW0P9N52D2AWP9QWTFH8RFM23G44,985
SP2KS65M7CV8Z508DG1VRHJFV61FDRZCK02FF9DNJ,984
SP2KS65M7CV8Z508DG1VRHJFV61FDRZCK02FF9DNJ,983
SP2KS65M7CV8Z508DG1VRHJFV61FDRZCK02FF9DNJ,982
SP2KS65M7CV8Z508DG1VRHJFV61FDRZCK02FF9DNJ,981
SP1P09BENJS4XA7T92DSC2CGPG1PEZNHJZTHY3QDQ,980
SP1P09BENJS4XA7T92DSC2CGPG1PEZNHJZTHY3QDQ,979
SP1P09BENJS4XA7T92DSC2CGPG1PEZNHJZTHY3QDQ,978
SP1P09BENJS4XA7T92DSC2CGPG1PEZNHJZTHY3QDQ,977
SPN5V8T9R5YSZHGJAR7BWX5ABANE3WPZWGH8MBBE,976
SPN5V8T9R5YSZHGJAR7BWX5ABANE3WPZWGH8MBBE,975
SPN5V8T9R5YSZHGJAR7BWX5ABANE3WPZWGH8MBBE,974
SPN5V8T9R5YSZHGJAR7BWX5ABANE3WPZWGH8MBBE,973
SP3TA1ZE187WVF6Q4Q5Z87PACVNR07P15Q6PM1V2P,972
SP3TA1ZE187WVF6Q4Q5Z87PACVNR07P15Q6PM1V2P,971
SP3TA1ZE187WVF6Q4Q5Z87PACVNR07P15Q6PM1V2P,970
SP3TA1ZE187WVF6Q4Q5Z87PACVNR07P15Q6PM1V2P,969
SP1T5W3RRGPG3207PY6WBN589K5DJ5Z4EVEYCBKCP,968
SP1T5W3RRGPG3207PY6WBN589K5DJ5Z4EVEYCBKCP,967
SP1T5W3RRGPG3207PY6WBN589K5DJ5Z4EVEYCBKCP,966
SP1T5W3RRGPG3207PY6WBN589K5DJ5Z4EVEYCBKCP,965
SP3Y61GKKWYRX6Y4DGP0REPENK5JRNA4S9Y868BG7,964
SP3Y61GKKWYRX6Y4DGP0REPENK5JRNA4S9Y868BG7,963
SP3Y61GKKWYRX6Y4DGP0REPENK5JRNA4S9Y868BG7,962
SP3Y61GKKWYRX6Y4DGP0REPENK5JRNA4S9Y868BG7,961
SP2KA4V0WMKVRAA69S8NPQG8RCFYFFHMXGNTJMV99,960
SP2KA4V0WMKVRAA69S8NPQG8RCFYFFHMXGNTJMV99,959
SP2KA4V0WMKVRAA69S8NPQG8RCFYFFHMXGNTJMV99,958
SP2KA4V0WMKVRAA69S8NPQG8RCFYFFHMXGNTJMV99,957
SP2PZYA27E8MRBQHQXE0JQH5CHM9JJNM00YEMC4QJ,956
SP2PZYA27E8MRBQHQXE0JQH5CHM9JJNM00YEMC4QJ,955
SP2PZYA27E8MRBQHQXE0JQH5CHM9JJNM00YEMC4QJ,954
SP2PZYA27E8MRBQHQXE0JQH5CHM9JJNM00YEMC4QJ,953
SPX55Z5ATXV6030MWBN296AB049R4YXX4CKJBMJX,952
SPX55Z5ATXV6030MWBN296AB049R4YXX4CKJBMJX,951
SPX55Z5ATXV6030MWBN296AB049R4YXX4CKJBMJX,950
SPX55Z5ATXV6030MWBN296AB049R4YXX4CKJBMJX,949
SP2T9NVAS7QRS1VC02RH1K4T89YPG620DP9GC2ZJM,948
SP2T9NVAS7QRS1VC02RH1K4T89YPG620DP9GC2ZJM,947
SP2T9NVAS7QRS1VC02RH1K4T89YPG620DP9GC2ZJM,946
SP2T9NVAS7QRS1VC02RH1K4T89YPG620DP9GC2ZJM,945
SP137ERCZPW5T2D1YHHRFWJNQ9Z12RT8KD4EW4YA2,944
SP137ERCZPW5T2D1YHHRFWJNQ9Z12RT8KD4EW4YA2,943
SP137ERCZPW5T2D1YHHRFWJNQ9Z12RT8KD4EW4YA2,942
SP137ERCZPW5T2D1YHHRFWJNQ9Z12RT8KD4EW4YA2,941
SP39ETXRQB90SWQV7CP1WN1HQ2TQYHXDX853ZME3Q,940
SP39ETXRQB90SWQV7CP1WN1HQ2TQYHXDX853ZME3Q,939
SP39ETXRQB90SWQV7CP1WN1HQ2TQYHXDX853ZME3Q,938
SP39ETXRQB90SWQV7CP1WN1HQ2TQYHXDX853ZME3Q,937
SP1D67XVMN84D6QWXXQ5NY1DS9DCWN71W3MP00S2X,936
SP1D67XVMN84D6QWXXQ5NY1DS9DCWN71W3MP00S2X,935
SP1D67XVMN84D6QWXXQ5NY1DS9DCWN71W3MP00S2X,934
SP1D67XVMN84D6QWXXQ5NY1DS9DCWN71W3MP00S2X,933
SP3M9AJZ6VG5H3NV5ZB9GAZRT2G714G693AM52DW5,932
SP3M9AJZ6VG5H3NV5ZB9GAZRT2G714G693AM52DW5,931
SP3M9AJZ6VG5H3NV5ZB9GAZRT2G714G693AM52DW5,930
SP3M9AJZ6VG5H3NV5ZB9GAZRT2G714G693AM52DW5,929
SP2BH9D4AKKANA8G8Q5ED1XBFGBRWNY0RS5PP20T5,928
SP2BH9D4AKKANA8G8Q5ED1XBFGBRWNY0RS5PP20T5,927
SP2BH9D4AKKANA8G8Q5ED1XBFGBRWNY0RS5PP20T5,926
SP2BH9D4AKKANA8G8Q5ED1XBFGBRWNY0RS5PP20T5,925
SP3ZTHANVYY5FM4GN6AH479PHX1CN9QJMS1FZXVEN,924
SP3ZTHANVYY5FM4GN6AH479PHX1CN9QJMS1FZXVEN,923
SP3ZTHANVYY5FM4GN6AH479PHX1CN9QJMS1FZXVEN,922
SP3ZTHANVYY5FM4GN6AH479PHX1CN9QJMS1FZXVEN,921
SP17PDZZZYCN1WAP7WW2YRR6VQCKH2RDWYB7ATDS4,920
SP17PDZZZYCN1WAP7WW2YRR6VQCKH2RDWYB7ATDS4,919
SP17PDZZZYCN1WAP7WW2YRR6VQCKH2RDWYB7ATDS4,918
SP17PDZZZYCN1WAP7WW2YRR6VQCKH2RDWYB7ATDS4,917
SPRZ7N8HWXHK29XC55NEFXJDDA3ACY7S38MQWSKT,916
SPRZ7N8HWXHK29XC55NEFXJDDA3ACY7S38MQWSKT,915
SPRZ7N8HWXHK29XC55NEFXJDDA3ACY7S38MQWSKT,914
SPRZ7N8HWXHK29XC55NEFXJDDA3ACY7S38MQWSKT,913
SP1BM34T063XKWKW6MT6MVW57C1QPJENVVMTXC0M6,912
SP1BM34T063XKWKW6MT6MVW57C1QPJENVVMTXC0M6,911
SP1BM34T063XKWKW6MT6MVW57C1QPJENVVMTXC0M6,910
SP1BM34T063XKWKW6MT6MVW57C1QPJENVVMTXC0M6,909
SP2T4K6SQX2HSR00C14M0XG81N5G2X58AMV3XTHW4,908
SP2T4K6SQX2HSR00C14M0XG81N5G2X58AMV3XTHW4,907
SP2T4K6SQX2HSR00C14M0XG81N5G2X58AMV3XTHW4,906
SP2T4K6SQX2HSR00C14M0XG81N5G2X58AMV3XTHW4,905
SP89F6BF790VM6GJA03GK5PVGNFQB94MEKAZXRYQ,904
SP89F6BF790VM6GJA03GK5PVGNFQB94MEKAZXRYQ,903
SP89F6BF790VM6GJA03GK5PVGNFQB94MEKAZXRYQ,902
SP89F6BF790VM6GJA03GK5PVGNFQB94MEKAZXRYQ,901
SP22731JYT5FVRTNJEDXX9RZD6F9VS7F9F434GZMX,900
SP22731JYT5FVRTNJEDXX9RZD6F9VS7F9F434GZMX,899
SP22731JYT5FVRTNJEDXX9RZD6F9VS7F9F434GZMX,898
SP22731JYT5FVRTNJEDXX9RZD6F9VS7F9F434GZMX,897
SP20HEQA5MTARKS3Y6M0HAX0NQ1K0QJC6S6NAXY7B,896
SP20HEQA5MTARKS3Y6M0HAX0NQ1K0QJC6S6NAXY7B,895
SP20HEQA5MTARKS3Y6M0HAX0NQ1K0QJC6S6NAXY7B,894
SP20HEQA5MTARKS3Y6M0HAX0NQ1K0QJC6S6NAXY7B,893
SP3MC19XTE0ZGKMD6QBGGNPG6P2ZTX6NWENEKVWGM,892
SP3MC19XTE0ZGKMD6QBGGNPG6P2ZTX6NWENEKVWGM,891
SP3MC19XTE0ZGKMD6QBGGNPG6P2ZTX6NWENEKVWGM,890
SP3MC19XTE0ZGKMD6QBGGNPG6P2ZTX6NWENEKVWGM,889
SP2NVPH3JGGGF18B6V77R7YVXF09HTHBYRGWCX8NV,888
SP2NVPH3JGGGF18B6V77R7YVXF09HTHBYRGWCX8NV,887
SP2NVPH3JGGGF18B6V77R7YVXF09HTHBYRGWCX8NV,886
SP2NVPH3JGGGF18B6V77R7YVXF09HTHBYRGWCX8NV,885
SP16ZBTDA57TAZCAJ2V9FTDT78YQFVZSAQ8EBK1NQ,884
SP16ZBTDA57TAZCAJ2V9FTDT78YQFVZSAQ8EBK1NQ,883
SP16ZBTDA57TAZCAJ2V9FTDT78YQFVZSAQ8EBK1NQ,882
SP16ZBTDA57TAZCAJ2V9FTDT78YQFVZSAQ8EBK1NQ,881
SP228DMM7BAEMJ3K2SM5FNRJQW2VAFNX1Y1EFSVAF,880
SP228DMM7BAEMJ3K2SM5FNRJQW2VAFNX1Y1EFSVAF,879
SP228DMM7BAEMJ3K2SM5FNRJQW2VAFNX1Y1EFSVAF,878
SP228DMM7BAEMJ3K2SM5FNRJQW2VAFNX1Y1EFSVAF,877
SP2XGJT0Q6BK102B4SJX0CEAXNGQZ1TCGHBMKRKS5,876
SP2XGJT0Q6BK102B4SJX0CEAXNGQZ1TCGHBMKRKS5,875
SP2XGJT0Q6BK102B4SJX0CEAXNGQZ1TCGHBMKRKS5,874
SP2XGJT0Q6BK102B4SJX0CEAXNGQZ1TCGHBMKRKS5,873
SP2E1HZSQ0DFEH9NZNCRSFNJ9G1DCK6MCTQ9VVAE5,872
SP2E1HZSQ0DFEH9NZNCRSFNJ9G1DCK6MCTQ9VVAE5,871
SP2E1HZSQ0DFEH9NZNCRSFNJ9G1DCK6MCTQ9VVAE5,870
SP2E1HZSQ0DFEH9NZNCRSFNJ9G1DCK6MCTQ9VVAE5,869
SP3REJBSC2PW7H7ZXNJD1BT9RXB36ZMGJKGHGTFET,868
SP3REJBSC2PW7H7ZXNJD1BT9RXB36ZMGJKGHGTFET,867
SP3REJBSC2PW7H7ZXNJD1BT9RXB36ZMGJKGHGTFET,866
SP3REJBSC2PW7H7ZXNJD1BT9RXB36ZMGJKGHGTFET,865
SP3CWPZK487X419KG6943JV0Y781EPEXHF44REBMJ,864
SP3CWPZK487X419KG6943JV0Y781EPEXHF44REBMJ,863
SP3CWPZK487X419KG6943JV0Y781EPEXHF44REBMJ,862
SP3CWPZK487X419KG6943JV0Y781EPEXHF44REBMJ,861
SP2BRFYABGP643N8JYA46RDA845MKP6ZYEAH71WHP,860
SP2BRFYABGP643N8JYA46RDA845MKP6ZYEAH71WHP,859
SP2BRFYABGP643N8JYA46RDA845MKP6ZYEAH71WHP,858
SP2BRFYABGP643N8JYA46RDA845MKP6ZYEAH71WHP,857
SP22JPJ1XDR8HN3YP4SE12S7DAGE09WRM188P2257,856
SP22JPJ1XDR8HN3YP4SE12S7DAGE09WRM188P2257,855
SP22JPJ1XDR8HN3YP4SE12S7DAGE09WRM188P2257,854
SP22JPJ1XDR8HN3YP4SE12S7DAGE09WRM188P2257,853
SPSAAG3AGKE6P6XHZPTKQT47459JSWK5B160MT30,852
SPSAAG3AGKE6P6XHZPTKQT47459JSWK5B160MT30,851
SPSAAG3AGKE6P6XHZPTKQT47459JSWK5B160MT30,850
SPSAAG3AGKE6P6XHZPTKQT47459JSWK5B160MT30,849
SP2ZKSGHA7PMRS034VNZ5499S0CHTGYPFVE2TF9EB,848
SP2ZKSGHA7PMRS034VNZ5499S0CHTGYPFVE2TF9EB,847
SP2ZKSGHA7PMRS034VNZ5499S0CHTGYPFVE2TF9EB,846
SP2ZKSGHA7PMRS034VNZ5499S0CHTGYPFVE2TF9EB,845
SP1B4T8E6QPF88V5KHFHHSVMX41NXQW3G0DPT72BV,844
SP1B4T8E6QPF88V5KHFHHSVMX41NXQW3G0DPT72BV,843
SP1B4T8E6QPF88V5KHFHHSVMX41NXQW3G0DPT72BV,842
SP1B4T8E6QPF88V5KHFHHSVMX41NXQW3G0DPT72BV,841
SPMHEGBX2P5P5WT9W1KP551TM6NRHY3WT8J9X3RB,840
SPMHEGBX2P5P5WT9W1KP551TM6NRHY3WT8J9X3RB,839
SPMHEGBX2P5P5WT9W1KP551TM6NRHY3WT8J9X3RB,838
SPMHEGBX2P5P5WT9W1KP551TM6NRHY3WT8J9X3RB,837
SP309HRKSADVX617CNW75FSQGEABHZ4V6BFQZQWCS,836
SP309HRKSADVX617CNW75FSQGEABHZ4V6BFQZQWCS,835
SP309HRKSADVX617CNW75FSQGEABHZ4V6BFQZQWCS,834
SP309HRKSADVX617CNW75FSQGEABHZ4V6BFQZQWCS,833
SP1PFFPKNRD29WW7RB6HSB2K9EFBCD3KDWGC1JX57,832
SP1PFFPKNRD29WW7RB6HSB2K9EFBCD3KDWGC1JX57,831
SP1PFFPKNRD29WW7RB6HSB2K9EFBCD3KDWGC1JX57,830
SP1PFFPKNRD29WW7RB6HSB2K9EFBCD3KDWGC1JX57,829
SP14D0ATRPXTKF0AETAK4N2TX5SZ5CBPJSXDSGXXT,828
SP14D0ATRPXTKF0AETAK4N2TX5SZ5CBPJSXDSGXXT,827
SP14D0ATRPXTKF0AETAK4N2TX5SZ5CBPJSXDSGXXT,826
SP14D0ATRPXTKF0AETAK4N2TX5SZ5CBPJSXDSGXXT,825
SP1VYVVE5FB3EQHVTH72QDQP9BQ7RCJARCR4D0TE3,824
SP1VYVVE5FB3EQHVTH72QDQP9BQ7RCJARCR4D0TE3,823
SP1VYVVE5FB3EQHVTH72QDQP9BQ7RCJARCR4D0TE3,822
SP1VYVVE5FB3EQHVTH72QDQP9BQ7RCJARCR4D0TE3,821
SP1DYHM6JJMBS3V6VCAWXWY71470YHK8EKJY0GMC3,820
SP1DYHM6JJMBS3V6VCAWXWY71470YHK8EKJY0GMC3,819
SP1DYHM6JJMBS3V6VCAWXWY71470YHK8EKJY0GMC3,818
SP1DYHM6JJMBS3V6VCAWXWY71470YHK8EKJY0GMC3,817
SP2CXSEH4SBXPGPMGMD9FYCG1DAAQAVM5ES6K90Z,816
SP2CXSEH4SBXPGPMGMD9FYCG1DAAQAVM5ES6K90Z,815
SP2CXSEH4SBXPGPMGMD9FYCG1DAAQAVM5ES6K90Z,814
SP2CXSEH4SBXPGPMGMD9FYCG1DAAQAVM5ES6K90Z,813
SP2YYREK3E4RQFR3XN6MH6W96J5XEBZN33SH9HQKG,812
SP2YYREK3E4RQFR3XN6MH6W96J5XEBZN33SH9HQKG,811
SP2YYREK3E4RQFR3XN6MH6W96J5XEBZN33SH9HQKG,810
SP2YYREK3E4RQFR3XN6MH6W96J5XEBZN33SH9HQKG,809
SP3G472NVBAWCPM1EPVBZC4N28Y8VWKQ364RXAV1S,808
SP3G472NVBAWCPM1EPVBZC4N28Y8VWKQ364RXAV1S,807
SP3G472NVBAWCPM1EPVBZC4N28Y8VWKQ364RXAV1S,806
SP3G472NVBAWCPM1EPVBZC4N28Y8VWKQ364RXAV1S,805
SP19M46QRH1VC3RYR63AAWS4BDTSMY41GZQ31NTF5,804
SP19M46QRH1VC3RYR63AAWS4BDTSMY41GZQ31NTF5,803
SP19M46QRH1VC3RYR63AAWS4BDTSMY41GZQ31NTF5,802
SP19M46QRH1VC3RYR63AAWS4BDTSMY41GZQ31NTF5,801
SP35SBEKV5BTDZEQZ6M49TZHQW1RNDQJF607559KR,800
SP35SBEKV5BTDZEQZ6M49TZHQW1RNDQJF607559KR,799
SP35SBEKV5BTDZEQZ6M49TZHQW1RNDQJF607559KR,798
SP35SBEKV5BTDZEQZ6M49TZHQW1RNDQJF607559KR,797
SP1SA0S2XDQDZYMGHS2EXWG278EFPXWJM7D741BFZ,796
SP1SA0S2XDQDZYMGHS2EXWG278EFPXWJM7D741BFZ,795
SP1SA0S2XDQDZYMGHS2EXWG278EFPXWJM7D741BFZ,794
SP1SA0S2XDQDZYMGHS2EXWG278EFPXWJM7D741BFZ,793
SP152TQZZ53K78QDA75S042DB1KJ6RJQNN2DSFXJQ,792
SP152TQZZ53K78QDA75S042DB1KJ6RJQNN2DSFXJQ,791
SP152TQZZ53K78QDA75S042DB1KJ6RJQNN2DSFXJQ,790
SP152TQZZ53K78QDA75S042DB1KJ6RJQNN2DSFXJQ,789
SP2D7TRS5GAHV6QNGWR5AQQ1F2MRB7P8FTBJNEZ26,788
SP2D7TRS5GAHV6QNGWR5AQQ1F2MRB7P8FTBJNEZ26,787
SP2D7TRS5GAHV6QNGWR5AQQ1F2MRB7P8FTBJNEZ26,786
SP2D7TRS5GAHV6QNGWR5AQQ1F2MRB7P8FTBJNEZ26,785
SP1RWME7C689PX34CXBF0JHDEZJQWQGKWPDD1H6X2,784
SP1RWME7C689PX34CXBF0JHDEZJQWQGKWPDD1H6X2,783
SP1RWME7C689PX34CXBF0JHDEZJQWQGKWPDD1H6X2,782
SP1RWME7C689PX34CXBF0JHDEZJQWQGKWPDD1H6X2,781
SP1F8RVEAY42TMS2T6XCFSNN7NJT8BFS0Z4E89RDF,780
SP1F8RVEAY42TMS2T6XCFSNN7NJT8BFS0Z4E89RDF,779
SP1F8RVEAY42TMS2T6XCFSNN7NJT8BFS0Z4E89RDF,778
SP1F8RVEAY42TMS2T6XCFSNN7NJT8BFS0Z4E89RDF,777
SP2T1PVFAQP7F5AJ43HF6MJB3NGEV0CP4TPAHW7S1,776
SP2T1PVFAQP7F5AJ43HF6MJB3NGEV0CP4TPAHW7S1,775
SP2T1PVFAQP7F5AJ43HF6MJB3NGEV0CP4TPAHW7S1,774
SP2T1PVFAQP7F5AJ43HF6MJB3NGEV0CP4TPAHW7S1,773
SP2B398AKMP0DBDFR8H81W1A13TXQ5S8HW5Q423C0,772
SP2B398AKMP0DBDFR8H81W1A13TXQ5S8HW5Q423C0,771
SP2B398AKMP0DBDFR8H81W1A13TXQ5S8HW5Q423C0,770
SP2B398AKMP0DBDFR8H81W1A13TXQ5S8HW5Q423C0,769
SP1R1QTJRPW1VHJPERBYM42GRNQZQV8DPJPNXNXAR,768
SP1R1QTJRPW1VHJPERBYM42GRNQZQV8DPJPNXNXAR,767
SP1R1QTJRPW1VHJPERBYM42GRNQZQV8DPJPNXNXAR,766
SP1R1QTJRPW1VHJPERBYM42GRNQZQV8DPJPNXNXAR,765
SP12MKTMH3BZAPR8VXKQEE95NVM9T9B78YSPTS828,764
SP12MKTMH3BZAPR8VXKQEE95NVM9T9B78YSPTS828,763
SP12MKTMH3BZAPR8VXKQEE95NVM9T9B78YSPTS828,762
SP12MKTMH3BZAPR8VXKQEE95NVM9T9B78YSPTS828,761
SP11HMK6GYFGNZHGG1PGWKKHQYHY0MSRJ6KNE0E5Q,760
SP11HMK6GYFGNZHGG1PGWKKHQYHY0MSRJ6KNE0E5Q,759
SP11HMK6GYFGNZHGG1PGWKKHQYHY0MSRJ6KNE0E5Q,758
SP11HMK6GYFGNZHGG1PGWKKHQYHY0MSRJ6KNE0E5Q,757
SP1G78DMN2M25RP5ZBYHXXFFM3FTSVGHPKHRKH16R,756
SP1G78DMN2M25RP5ZBYHXXFFM3FTSVGHPKHRKH16R,755
SP1G78DMN2M25RP5ZBYHXXFFM3FTSVGHPKHRKH16R,754
SP1G78DMN2M25RP5ZBYHXXFFM3FTSVGHPKHRKH16R,753
SPSD3XKY4PG9QDPSKHH5233XT7C6RWBV0DHNPH0H,752
SPSD3XKY4PG9QDPSKHH5233XT7C6RWBV0DHNPH0H,751
SPSD3XKY4PG9QDPSKHH5233XT7C6RWBV0DHNPH0H,750
SPSD3XKY4PG9QDPSKHH5233XT7C6RWBV0DHNPH0H,749
SP2NKM0H1ZT488YH1NGD3QTZ7QN2TWQA1GKXMMMQS,748
SP2NKM0H1ZT488YH1NGD3QTZ7QN2TWQA1GKXMMMQS,747
SP2NKM0H1ZT488YH1NGD3QTZ7QN2TWQA1GKXMMMQS,746
SP2NKM0H1ZT488YH1NGD3QTZ7QN2TWQA1GKXMMMQS,745
SP3YHS6DYPBZ91VHK816XQHGFQM0WTJEJBA6XVJCZ,744
SP3YHS6DYPBZ91VHK816XQHGFQM0WTJEJBA6XVJCZ,743
SP3YHS6DYPBZ91VHK816XQHGFQM0WTJEJBA6XVJCZ,742
SP3YHS6DYPBZ91VHK816XQHGFQM0WTJEJBA6XVJCZ,741
SP370T0M0K9M0KB5QFQ7XNYZTX06RCFTRDQ72VR5C,740
SP370T0M0K9M0KB5QFQ7XNYZTX06RCFTRDQ72VR5C,739
SP370T0M0K9M0KB5QFQ7XNYZTX06RCFTRDQ72VR5C,738
SP370T0M0K9M0KB5QFQ7XNYZTX06RCFTRDQ72VR5C,737
SP3PQSK4XT569ZV1ECFNKF80H3FYYKWHJP2YPACDY,736
SP3PQSK4XT569ZV1ECFNKF80H3FYYKWHJP2YPACDY,735
SP3PQSK4XT569ZV1ECFNKF80H3FYYKWHJP2YPACDY,734
SP3PQSK4XT569ZV1ECFNKF80H3FYYKWHJP2YPACDY,733
SP37Y4GM85BQH68ASK68VAZDM4PWE0EAJBXNY2DKX,732
SP37Y4GM85BQH68ASK68VAZDM4PWE0EAJBXNY2DKX,731
SP37Y4GM85BQH68ASK68VAZDM4PWE0EAJBXNY2DKX,730
SP37Y4GM85BQH68ASK68VAZDM4PWE0EAJBXNY2DKX,729
SP6P1S7TZEH2WZSY6CM1F6TBQYJEP4C1R8VXCTBA,728
SP6P1S7TZEH2WZSY6CM1F6TBQYJEP4C1R8VXCTBA,727
SP6P1S7TZEH2WZSY6CM1F6TBQYJEP4C1R8VXCTBA,726
SP6P1S7TZEH2WZSY6CM1F6TBQYJEP4C1R8VXCTBA,725
SP17S9MQDCZFAR7M20K4ZXDZT5M7915DH5T1AXPB5,724
SP17S9MQDCZFAR7M20K4ZXDZT5M7915DH5T1AXPB5,723
SP17S9MQDCZFAR7M20K4ZXDZT5M7915DH5T1AXPB5,722
SP17S9MQDCZFAR7M20K4ZXDZT5M7915DH5T1AXPB5,721
SP2XJMTZV7MPTEBTT5VBB2V5X1YVRCWXA69QJE87P,720
SP2XJMTZV7MPTEBTT5VBB2V5X1YVRCWXA69QJE87P,719
SP2XJMTZV7MPTEBTT5VBB2V5X1YVRCWXA69QJE87P,718
SP2XJMTZV7MPTEBTT5VBB2V5X1YVRCWXA69QJE87P,717
SP1T3CTS6K63FQ9QN833FKQJV2TEA2TNAFWMPEDF,716
SP1T3CTS6K63FQ9QN833FKQJV2TEA2TNAFWMPEDF,715
SP1T3CTS6K63FQ9QN833FKQJV2TEA2TNAFWMPEDF,714
SP1T3CTS6K63FQ9QN833FKQJV2TEA2TNAFWMPEDF,713
SP3P4RTBZKMC07E5STT4TXDBAMMZE8G8EM7RGN180,712
SP3P4RTBZKMC07E5STT4TXDBAMMZE8G8EM7RGN180,711
SP3P4RTBZKMC07E5STT4TXDBAMMZE8G8EM7RGN180,710
SP3P4RTBZKMC07E5STT4TXDBAMMZE8G8EM7RGN180,709
SP2EG9D708FCTSC5YMCJR14S6WCCC4116WFQ7H041,708
SP2EG9D708FCTSC5YMCJR14S6WCCC4116WFQ7H041,707
SP2EG9D708FCTSC5YMCJR14S6WCCC4116WFQ7H041,706
SP2EG9D708FCTSC5YMCJR14S6WCCC4116WFQ7H041,705
SP33EGDK6WEZGZ5NS2PNGM38C1J062CSXBVNAB75P,704
SP33EGDK6WEZGZ5NS2PNGM38C1J062CSXBVNAB75P,703
SP33EGDK6WEZGZ5NS2PNGM38C1J062CSXBVNAB75P,702
SP33EGDK6WEZGZ5NS2PNGM38C1J062CSXBVNAB75P,701
SPFF35J361YMSJ5SW60XD96Z68VXGZ8Y3XTMEVAY,700
SPFF35J361YMSJ5SW60XD96Z68VXGZ8Y3XTMEVAY,699
SPFF35J361YMSJ5SW60XD96Z68VXGZ8Y3XTMEVAY,698
SPFF35J361YMSJ5SW60XD96Z68VXGZ8Y3XTMEVAY,697
SP14CVDZYB5TDE9SNGF8E2PAJZN8F206ZY2A6F7AZ,696
SP14CVDZYB5TDE9SNGF8E2PAJZN8F206ZY2A6F7AZ,695
SP14CVDZYB5TDE9SNGF8E2PAJZN8F206ZY2A6F7AZ,694
SP14CVDZYB5TDE9SNGF8E2PAJZN8F206ZY2A6F7AZ,693
SP2KN8YFWP8W2YSEXK4ZJR9M61PPZ0BBXBX96Y3AR,692
SP2KN8YFWP8W2YSEXK4ZJR9M61PPZ0BBXBX96Y3AR,691
SP2KN8YFWP8W2YSEXK4ZJR9M61PPZ0BBXBX96Y3AR,690
SP2KN8YFWP8W2YSEXK4ZJR9M61PPZ0BBXBX96Y3AR,689
SP2V0G8KDZMA3P2XJWTRPSB99B1QYTC1CCC4CRDB8,688
SP2V0G8KDZMA3P2XJWTRPSB99B1QYTC1CCC4CRDB8,687
SP2V0G8KDZMA3P2XJWTRPSB99B1QYTC1CCC4CRDB8,686
SP2V0G8KDZMA3P2XJWTRPSB99B1QYTC1CCC4CRDB8,685
SP2DB0Y247PXB2BQCTMZ9EPPEC215QRQFXG4XJQHS,684
SP2DB0Y247PXB2BQCTMZ9EPPEC215QRQFXG4XJQHS,683
SP2DB0Y247PXB2BQCTMZ9EPPEC215QRQFXG4XJQHS,682
SP2DB0Y247PXB2BQCTMZ9EPPEC215QRQFXG4XJQHS,681
SPTA2VQFPREK3GQW2YAW54YJ4G9G38D4V1E01A7D,680
SPTA2VQFPREK3GQW2YAW54YJ4G9G38D4V1E01A7D,679
SPTA2VQFPREK3GQW2YAW54YJ4G9G38D4V1E01A7D,678
SPTA2VQFPREK3GQW2YAW54YJ4G9G38D4V1E01A7D,677
SP3HCW8W082PV0SGBS3KY8VKK528XHFDBSY59TKA7,676
SP3HCW8W082PV0SGBS3KY8VKK528XHFDBSY59TKA7,675
SP3HCW8W082PV0SGBS3KY8VKK528XHFDBSY59TKA7,674
SP3HCW8W082PV0SGBS3KY8VKK528XHFDBSY59TKA7,673
SPMYJTWJYV442TCRQFPF8K406S6SAGN2DXS069TX,672
SPMYJTWJYV442TCRQFPF8K406S6SAGN2DXS069TX,671
SPMYJTWJYV442TCRQFPF8K406S6SAGN2DXS069TX,670
SPMYJTWJYV442TCRQFPF8K406S6SAGN2DXS069TX,669
SP30QHKWARK1HD518EZ9240ZKGC2CQEQ2M8R02WND,668
SP30QHKWARK1HD518EZ9240ZKGC2CQEQ2M8R02WND,667
SP30QHKWARK1HD518EZ9240ZKGC2CQEQ2M8R02WND,666
SP30QHKWARK1HD518EZ9240ZKGC2CQEQ2M8R02WND,665
SP3DTC8KC9RABXRN41H91K5CS030G95VVMZHNRBDT,664
SP3DTC8KC9RABXRN41H91K5CS030G95VVMZHNRBDT,663
SP3DTC8KC9RABXRN41H91K5CS030G95VVMZHNRBDT,662
SP3DTC8KC9RABXRN41H91K5CS030G95VVMZHNRBDT,661
SPNET489V7RNJA3MWQD94QTYFSGVSCQYF8V9K199,660
SPNET489V7RNJA3MWQD94QTYFSGVSCQYF8V9K199,659
SPNET489V7RNJA3MWQD94QTYFSGVSCQYF8V9K199,658
SPNET489V7RNJA3MWQD94QTYFSGVSCQYF8V9K199,657
SP99YZHR17BA6VHKSFSX07G310P5WMSZ1HHRC444,656
SP99YZHR17BA6VHKSFSX07G310P5WMSZ1HHRC444,655
SP99YZHR17BA6VHKSFSX07G310P5WMSZ1HHRC444,654
SP99YZHR17BA6VHKSFSX07G310P5WMSZ1HHRC444,653
SP3H1AZFEYDV3WM0N07HX2WP3MQETRQV02QEB2A2F,652
SP3H1AZFEYDV3WM0N07HX2WP3MQETRQV02QEB2A2F,651
SP3H1AZFEYDV3WM0N07HX2WP3MQETRQV02QEB2A2F,650
SP3H1AZFEYDV3WM0N07HX2WP3MQETRQV02QEB2A2F,649
SP2S85AAGQRWQ18V2PEFEJECDXE7DKZRYWRTHWH61,648
SP2S85AAGQRWQ18V2PEFEJECDXE7DKZRYWRTHWH61,647
SP2S85AAGQRWQ18V2PEFEJECDXE7DKZRYWRTHWH61,646
SP2S85AAGQRWQ18V2PEFEJECDXE7DKZRYWRTHWH61,645
SPTE0684V92JA1WGYKEC3ZVAX12359G201HD482P,644
SPTE0684V92JA1WGYKEC3ZVAX12359G201HD482P,643
SPTE0684V92JA1WGYKEC3ZVAX12359G201HD482P,642
SPTE0684V92JA1WGYKEC3ZVAX12359G201HD482P,641
SP22V2Y0SPDRZ227424H9A881AWMR2F2WSDH3BKS5,640
SP22V2Y0SPDRZ227424H9A881AWMR2F2WSDH3BKS5,639
SP22V2Y0SPDRZ227424H9A881AWMR2F2WSDH3BKS5,638
SP22V2Y0SPDRZ227424H9A881AWMR2F2WSDH3BKS5,637
SP1S95XTV6DXFXH9F18DA1ASNBR9YHH984HE6Q3FD,636
SP1S95XTV6DXFXH9F18DA1ASNBR9YHH984HE6Q3FD,635
SP1S95XTV6DXFXH9F18DA1ASNBR9YHH984HE6Q3FD,634
SP1S95XTV6DXFXH9F18DA1ASNBR9YHH984HE6Q3FD,633
SP4CKTS0H5Z43VGKCK714ET6JET5R3S0RGB5NWR9,632
SP4CKTS0H5Z43VGKCK714ET6JET5R3S0RGB5NWR9,631
SP3ZEH3NKYVP1YDWK30X1E43GAA1QYKM4ZQYB82BY,630
SP3ZEH3NKYVP1YDWK30X1E43GAA1QYKM4ZQYB82BY,629
SP3ZEH3NKYVP1YDWK30X1E43GAA1QYKM4ZQYB82BY,628
SP3ZEH3NKYVP1YDWK30X1E43GAA1QYKM4ZQYB82BY,627
SP1N31B6AWWKKM9G2BRCZ3Z74JFR8AQF2ZV4YR6BH,626
SP1N31B6AWWKKM9G2BRCZ3Z74JFR8AQF2ZV4YR6BH,625
SP1N31B6AWWKKM9G2BRCZ3Z74JFR8AQF2ZV4YR6BH,624
SP1N31B6AWWKKM9G2BRCZ3Z74JFR8AQF2ZV4YR6BH,623
SP2R8QWB33QTA49VZ0AJ62XWPJJP6SYDZG87PJKQR,622
SP2R8QWB33QTA49VZ0AJ62XWPJJP6SYDZG87PJKQR,621
SP2R8QWB33QTA49VZ0AJ62XWPJJP6SYDZG87PJKQR,620
SP2R8QWB33QTA49VZ0AJ62XWPJJP6SYDZG87PJKQR,619
SPRZ8MAYDEZ3DC3HM9HRCMGN7ACPNJ9QQHD7ZTAF,618
SPRZ8MAYDEZ3DC3HM9HRCMGN7ACPNJ9QQHD7ZTAF,617
SPRZ8MAYDEZ3DC3HM9HRCMGN7ACPNJ9QQHD7ZTAF,616
SPRZ8MAYDEZ3DC3HM9HRCMGN7ACPNJ9QQHD7ZTAF,615
SP1EJ7GV9PQ7W3R8KRP54BM7WYKBDTPXVKXF7V11F,614
SP1EJ7GV9PQ7W3R8KRP54BM7WYKBDTPXVKXF7V11F,613
SP1EJ7GV9PQ7W3R8KRP54BM7WYKBDTPXVKXF7V11F,612
SP1EJ7GV9PQ7W3R8KRP54BM7WYKBDTPXVKXF7V11F,611
SP3ZSJHNSX4C7430YZH31C4128QVWA31S9259Z38Q,610
SP3ZSJHNSX4C7430YZH31C4128QVWA31S9259Z38Q,609
SP3ZSJHNSX4C7430YZH31C4128QVWA31S9259Z38Q,608
SP3ZSJHNSX4C7430YZH31C4128QVWA31S9259Z38Q,607
SP30PYZ9XM3G6SJEQGF9X3HSK9JX85AHDK7CVGRAG,606
SP30PYZ9XM3G6SJEQGF9X3HSK9JX85AHDK7CVGRAG,605
SP30PYZ9XM3G6SJEQGF9X3HSK9JX85AHDK7CVGRAG,604
SP30PYZ9XM3G6SJEQGF9X3HSK9JX85AHDK7CVGRAG,603
SPD8PGZB41E76Q43A6VRMH5Q6DC5ZBTDPDWZZ2R6,602
SPD8PGZB41E76Q43A6VRMH5Q6DC5ZBTDPDWZZ2R6,601
SPD8PGZB41E76Q43A6VRMH5Q6DC5ZBTDPDWZZ2R6,600
SPD8PGZB41E76Q43A6VRMH5Q6DC5ZBTDPDWZZ2R6,599
SP1XDB1P8TWF5HXZ495QSSQ48TTVC40XPSA558TKT,598
SP1XDB1P8TWF5HXZ495QSSQ48TTVC40XPSA558TKT,597
SP1XDB1P8TWF5HXZ495QSSQ48TTVC40XPSA558TKT,596
SP1XDB1P8TWF5HXZ495QSSQ48TTVC40XPSA558TKT,595
SP1Q4631AXDXYRQBXYGZ6MBW2MSCZRKS4BVCMB2TB,594
SP1Q4631AXDXYRQBXYGZ6MBW2MSCZRKS4BVCMB2TB,593
SP1Q4631AXDXYRQBXYGZ6MBW2MSCZRKS4BVCMB2TB,592
SP1Q4631AXDXYRQBXYGZ6MBW2MSCZRKS4BVCMB2TB,591
SP21SYTW9J8CBA365SEYR6JJH1NT6EWA07REH0HMX,590
SP21SYTW9J8CBA365SEYR6JJH1NT6EWA07REH0HMX,589
SP21SYTW9J8CBA365SEYR6JJH1NT6EWA07REH0HMX,588
SP21SYTW9J8CBA365SEYR6JJH1NT6EWA07REH0HMX,587
SPQHASHH3ZVWGGTYHWY06NEAD1SWJBBWNKD1Q2D3,586
SPQHASHH3ZVWGGTYHWY06NEAD1SWJBBWNKD1Q2D3,585
SPQHASHH3ZVWGGTYHWY06NEAD1SWJBBWNKD1Q2D3,584
SPQHASHH3ZVWGGTYHWY06NEAD1SWJBBWNKD1Q2D3,583
SP1BAXC9WKCG0PRTP1YK1X255GA93MGN1KZ70SK9G,582
SP1BAXC9WKCG0PRTP1YK1X255GA93MGN1KZ70SK9G,581
SP1BAXC9WKCG0PRTP1YK1X255GA93MGN1KZ70SK9G,580
SP1BAXC9WKCG0PRTP1YK1X255GA93MGN1KZ70SK9G,579
SPSKSZAM2XABTHS51E1JA07KGZ1HPEMTHWXE9TSW,578
SPSKSZAM2XABTHS51E1JA07KGZ1HPEMTHWXE9TSW,577
SPSKSZAM2XABTHS51E1JA07KGZ1HPEMTHWXE9TSW,576
SPSKSZAM2XABTHS51E1JA07KGZ1HPEMTHWXE9TSW,575
SP16YV14HW55JP7WXWQMJWQDWS5GVK4DHD9ASYWBB,574
SP16YV14HW55JP7WXWQMJWQDWS5GVK4DHD9ASYWBB,573
SP16YV14HW55JP7WXWQMJWQDWS5GVK4DHD9ASYWBB,572
SP16YV14HW55JP7WXWQMJWQDWS5GVK4DHD9ASYWBB,571
SP10A66ESR37K5B6AK8F5ZY3VBCE6QGRK5T8M2HQZ,570
SP10A66ESR37K5B6AK8F5ZY3VBCE6QGRK5T8M2HQZ,569
SP10A66ESR37K5B6AK8F5ZY3VBCE6QGRK5T8M2HQZ,568
SP10A66ESR37K5B6AK8F5ZY3VBCE6QGRK5T8M2HQZ,567
SP3S9GFYY5T33E1RBNJNT18A70422KG5K6B1EQE57,566
SP3S9GFYY5T33E1RBNJNT18A70422KG5K6B1EQE57,565
SP3S9GFYY5T33E1RBNJNT18A70422KG5K6B1EQE57,564
SP3S9GFYY5T33E1RBNJNT18A70422KG5K6B1EQE57,563
SP32M72XD287FKYV3WVZ0DTBK8C8PHAJSKR2BB4DA,562
SP32M72XD287FKYV3WVZ0DTBK8C8PHAJSKR2BB4DA,561
SP32M72XD287FKYV3WVZ0DTBK8C8PHAJSKR2BB4DA,560
SP32M72XD287FKYV3WVZ0DTBK8C8PHAJSKR2BB4DA,559
SP1YNWJ6RWZ09XWZFS5ABN7EDETFG6PMF2YXRBDY5,558
SP1YNWJ6RWZ09XWZFS5ABN7EDETFG6PMF2YXRBDY5,557
SP1YNWJ6RWZ09XWZFS5ABN7EDETFG6PMF2YXRBDY5,556
SP1YNWJ6RWZ09XWZFS5ABN7EDETFG6PMF2YXRBDY5,555
SP36PW9706TNFV9YVJMGW1GG5M167YS0J2HW0X46M,554
SP36PW9706TNFV9YVJMGW1GG5M167YS0J2HW0X46M,553
SP36PW9706TNFV9YVJMGW1GG5M167YS0J2HW0X46M,552
SP36PW9706TNFV9YVJMGW1GG5M167YS0J2HW0X46M,551
SP370H342WVHCZQAVCBRR4QJZ72V0ECMYQMAPZ5SR,550
SP370H342WVHCZQAVCBRR4QJZ72V0ECMYQMAPZ5SR,549
SP370H342WVHCZQAVCBRR4QJZ72V0ECMYQMAPZ5SR,548
SP370H342WVHCZQAVCBRR4QJZ72V0ECMYQMAPZ5SR,547
SP36DJJEVGP18FEAFK3XXJDRWN6R24V9RTNH9FPDG,546
SP36DJJEVGP18FEAFK3XXJDRWN6R24V9RTNH9FPDG,545
SP36DJJEVGP18FEAFK3XXJDRWN6R24V9RTNH9FPDG,544
SP36DJJEVGP18FEAFK3XXJDRWN6R24V9RTNH9FPDG,543
SP3K0BEA5QT309Z5WJHE1B5GJW4MHNXBD7TA9GG4,542
SP3K0BEA5QT309Z5WJHE1B5GJW4MHNXBD7TA9GG4,541
SP3K0BEA5QT309Z5WJHE1B5GJW4MHNXBD7TA9GG4,540
SP3K0BEA5QT309Z5WJHE1B5GJW4MHNXBD7TA9GG4,539
SPP75358Y493JNGYFA0GZ061FNFFSXNRGKSZWR40,538
SPP75358Y493JNGYFA0GZ061FNFFSXNRGKSZWR40,537
SPP75358Y493JNGYFA0GZ061FNFFSXNRGKSZWR40,536
SPP75358Y493JNGYFA0GZ061FNFFSXNRGKSZWR40,535
SP10W9BYYQQRKJ8T1G8S1SG9YPE9A1BWRFG328WG8,534
SP10W9BYYQQRKJ8T1G8S1SG9YPE9A1BWRFG328WG8,533
SP10W9BYYQQRKJ8T1G8S1SG9YPE9A1BWRFG328WG8,532
SP10W9BYYQQRKJ8T1G8S1SG9YPE9A1BWRFG328WG8,531
SPSCAY9M0VRCK8T45F7AWV76RC8JJGCNVD0C0FKC,530
SPSCAY9M0VRCK8T45F7AWV76RC8JJGCNVD0C0FKC,529
SPSCAY9M0VRCK8T45F7AWV76RC8JJGCNVD0C0FKC,528
SPSCAY9M0VRCK8T45F7AWV76RC8JJGCNVD0C0FKC,527
SP1WVWASTT60W40G8S6BPTNPN61HQDC9QFJ1CA5S9,526
SP1WVWASTT60W40G8S6BPTNPN61HQDC9QFJ1CA5S9,525
SP1WVWASTT60W40G8S6BPTNPN61HQDC9QFJ1CA5S9,524
SP1WVWASTT60W40G8S6BPTNPN61HQDC9QFJ1CA5S9,523
SP1J3GQMMDVCFSNT1YYSXD09WG4F1X3RJX2SYPTNH,522
SP1J3GQMMDVCFSNT1YYSXD09WG4F1X3RJX2SYPTNH,521
SP1J3GQMMDVCFSNT1YYSXD09WG4F1X3RJX2SYPTNH,520
SP1J3GQMMDVCFSNT1YYSXD09WG4F1X3RJX2SYPTNH,519
SP30S6K8T74B0ESTG5TCW94N777W27E0QHF83CYTC,518
SP30S6K8T74B0ESTG5TCW94N777W27E0QHF83CYTC,517
SP30S6K8T74B0ESTG5TCW94N777W27E0QHF83CYTC,516
SP30S6K8T74B0ESTG5TCW94N777W27E0QHF83CYTC,515
SPY4D7A5XZXCZ8D49416E43JTQR36QWP1ENJNG2C,514
SPY4D7A5XZXCZ8D49416E43JTQR36QWP1ENJNG2C,513
SPY4D7A5XZXCZ8D49416E43JTQR36QWP1ENJNG2C,512
SPY4D7A5XZXCZ8D49416E43JTQR36QWP1ENJNG2C,511
SP1CBVABFX14MEEMJJ6V2MQWTYNQDRVGM8VZPP02P,510
SP1CBVABFX14MEEMJJ6V2MQWTYNQDRVGM8VZPP02P,509
SP1CBVABFX14MEEMJJ6V2MQWTYNQDRVGM8VZPP02P,508
SP1CBVABFX14MEEMJJ6V2MQWTYNQDRVGM8VZPP02P,507
SPNGHC6K61NKT34JX81VB13E9H1BTNH16C49TP8H,506
SPNGHC6K61NKT34JX81VB13E9H1BTNH16C49TP8H,505
SPNGHC6K61NKT34JX81VB13E9H1BTNH16C49TP8H,504
SPNGHC6K61NKT34JX81VB13E9H1BTNH16C49TP8H,503
SP3046RCBEPPAC1ASS4KWC50TJJH78FE681PHNA8Q,502
SP3046RCBEPPAC1ASS4KWC50TJJH78FE681PHNA8Q,501
SP3046RCBEPPAC1ASS4KWC50TJJH78FE681PHNA8Q,500
SP2664YJ6Z7AWGKSGYG3MSDCCR3ZZREX3JH14TCCE,499
SP2YDZB938V1QNSRN2XCCP8YTWEXVC89HK9DFYDCP,498
SP2YDZB938V1QNSRN2XCCP8YTWEXVC89HK9DFYDCP,497
SP2YDZB938V1QNSRN2XCCP8YTWEXVC89HK9DFYDCP,496
SP2YDZB938V1QNSRN2XCCP8YTWEXVC89HK9DFYDCP,495
SP372G1CB1DWQ8T873RC085K3QGJQ0SSRDWBM0A88,494
SP372G1CB1DWQ8T873RC085K3QGJQ0SSRDWBM0A88,493
SP372G1CB1DWQ8T873RC085K3QGJQ0SSRDWBM0A88,492
SP372G1CB1DWQ8T873RC085K3QGJQ0SSRDWBM0A88,491
SP3BTM1J6HS9BWG8A115GN7CRWYPF2KSKETDBNP4G,490
SP3BTM1J6HS9BWG8A115GN7CRWYPF2KSKETDBNP4G,489
SP3BTM1J6HS9BWG8A115GN7CRWYPF2KSKETDBNP4G,488
SP3BTM1J6HS9BWG8A115GN7CRWYPF2KSKETDBNP4G,487
SP31JEKBEZGH2TJ9EG2TJDDYH78BB16PZZBPMKJW3,486
SP31JEKBEZGH2TJ9EG2TJDDYH78BB16PZZBPMKJW3,485
SP31JEKBEZGH2TJ9EG2TJDDYH78BB16PZZBPMKJW3,484
SP31JEKBEZGH2TJ9EG2TJDDYH78BB16PZZBPMKJW3,483
SPWR61YRMNPGX6JASY3ZR6SSE79ACV143YW1PCAN,482
SPWR61YRMNPGX6JASY3ZR6SSE79ACV143YW1PCAN,481
SPWR61YRMNPGX6JASY3ZR6SSE79ACV143YW1PCAN,480
SPWR61YRMNPGX6JASY3ZR6SSE79ACV143YW1PCAN,479
SPESDYPQP2ZH3HBZTMMJNE5MHPCY8KE6TSAK10FT,478
SPESDYPQP2ZH3HBZTMMJNE5MHPCY8KE6TSAK10FT,477
SPESDYPQP2ZH3HBZTMMJNE5MHPCY8KE6TSAK10FT,476
SPESDYPQP2ZH3HBZTMMJNE5MHPCY8KE6TSAK10FT,475
SPEJGDRBB31E1V00BEBSCMW343GDFEG3D7AXRG7G,474
SPEJGDRBB31E1V00BEBSCMW343GDFEG3D7AXRG7G,473
SPEJGDRBB31E1V00BEBSCMW343GDFEG3D7AXRG7G,472
SPEJGDRBB31E1V00BEBSCMW343GDFEG3D7AXRG7G,471
SP1Y1T6Y52JGBG7CCTT8KBCN1K5N9A18T338QT5M4,470
SP1Y1T6Y52JGBG7CCTT8KBCN1K5N9A18T338QT5M4,469
SP1Y1T6Y52JGBG7CCTT8KBCN1K5N9A18T338QT5M4,468
SP1Y1T6Y52JGBG7CCTT8KBCN1K5N9A18T338QT5M4,467
SP1TV749TN6YJP7S3R7DAX1P0FB1C4MAFKFBW6MR3,466
SP1TV749TN6YJP7S3R7DAX1P0FB1C4MAFKFBW6MR3,465
SP1TV749TN6YJP7S3R7DAX1P0FB1C4MAFKFBW6MR3,464
SP1TV749TN6YJP7S3R7DAX1P0FB1C4MAFKFBW6MR3,463
SP3ZCTZ0JDHXXCT63FZ8DC01PWJYCAB5EFP2ZH1X0,462
SP3ZCTZ0JDHXXCT63FZ8DC01PWJYCAB5EFP2ZH1X0,461
SP3ZCTZ0JDHXXCT63FZ8DC01PWJYCAB5EFP2ZH1X0,460
SP3ZCTZ0JDHXXCT63FZ8DC01PWJYCAB5EFP2ZH1X0,459
SP1Y4KEFT4CBAWE0DDP202KNDM16NBFJH2V099X33,458
SP1Y4KEFT4CBAWE0DDP202KNDM16NBFJH2V099X33,457
SP1Y4KEFT4CBAWE0DDP202KNDM16NBFJH2V099X33,456
SP1Y4KEFT4CBAWE0DDP202KNDM16NBFJH2V099X33,455
SP1GAA5VBWE65MZGPE4M66PZRQZTA2M10F7V01X4V,454
SP1GAA5VBWE65MZGPE4M66PZRQZTA2M10F7V01X4V,453
SP1GAA5VBWE65MZGPE4M66PZRQZTA2M10F7V01X4V,452
SP1GAA5VBWE65MZGPE4M66PZRQZTA2M10F7V01X4V,451
SP7J000HNJPQX7GC2BG13FJSQZ2J1J8EVY6MY7XG,450
SP7J000HNJPQX7GC2BG13FJSQZ2J1J8EVY6MY7XG,449
SP7J000HNJPQX7GC2BG13FJSQZ2J1J8EVY6MY7XG,448
SP7J000HNJPQX7GC2BG13FJSQZ2J1J8EVY6MY7XG,447
SPSQ4W56BY5XKZR8YJMXYP1CKJ64TT4CQ04GFQT8,446
SPSQ4W56BY5XKZR8YJMXYP1CKJ64TT4CQ04GFQT8,445
SPSQ4W56BY5XKZR8YJMXYP1CKJ64TT4CQ04GFQT8,444
SPSQ4W56BY5XKZR8YJMXYP1CKJ64TT4CQ04GFQT8,443
SP1G9WQ2BXP45G4EXJVJTPZQ3V8G7P5XAFEYV3HPN,442
SP1G9WQ2BXP45G4EXJVJTPZQ3V8G7P5XAFEYV3HPN,441
SP1G9WQ2BXP45G4EXJVJTPZQ3V8G7P5XAFEYV3HPN,440
SP1G9WQ2BXP45G4EXJVJTPZQ3V8G7P5XAFEYV3HPN,439
SP211RZSQK445AFZPFW8GAW00D2SAGRKNK6EBRCJT,438
SP211RZSQK445AFZPFW8GAW00D2SAGRKNK6EBRCJT,437
SP211RZSQK445AFZPFW8GAW00D2SAGRKNK6EBRCJT,436
SP211RZSQK445AFZPFW8GAW00D2SAGRKNK6EBRCJT,435
SP3JC2W89C0XV6YAS34TKFVKMWCNVT1ZKBFDKVT5H,434
SP3JC2W89C0XV6YAS34TKFVKMWCNVT1ZKBFDKVT5H,433
SP3JC2W89C0XV6YAS34TKFVKMWCNVT1ZKBFDKVT5H,432
SP3JC2W89C0XV6YAS34TKFVKMWCNVT1ZKBFDKVT5H,431
SPW42WQA0VQ6WK59SZCZFKFHXH4PEAV1EXHEQ8DB,430
SPW42WQA0VQ6WK59SZCZFKFHXH4PEAV1EXHEQ8DB,429
SPW42WQA0VQ6WK59SZCZFKFHXH4PEAV1EXHEQ8DB,428
SPW42WQA0VQ6WK59SZCZFKFHXH4PEAV1EXHEQ8DB,427
SP2ZJHDXHKF7YVTRR4XN5R1380N08S6PWRKHKP69S,426
SP2ZJHDXHKF7YVTRR4XN5R1380N08S6PWRKHKP69S,425
SP2ZJHDXHKF7YVTRR4XN5R1380N08S6PWRKHKP69S,424
SP2ZJHDXHKF7YVTRR4XN5R1380N08S6PWRKHKP69S,423
SP2HFJSS3855RF51ZCV0HYQ9XEQAH2YAB43MMD4XK,422
SP2HFJSS3855RF51ZCV0HYQ9XEQAH2YAB43MMD4XK,421
SP2HFJSS3855RF51ZCV0HYQ9XEQAH2YAB43MMD4XK,420
SP2HFJSS3855RF51ZCV0HYQ9XEQAH2YAB43MMD4XK,419
SPFW75CX79F0DKANAKZ2M99ZBZEZ4YZNAGMEGMCT,418
SPFW75CX79F0DKANAKZ2M99ZBZEZ4YZNAGMEGMCT,417
SPFW75CX79F0DKANAKZ2M99ZBZEZ4YZNAGMEGMCT,416
SPFW75CX79F0DKANAKZ2M99ZBZEZ4YZNAGMEGMCT,415
SPQNKRPEPMVMGGVTKWHK2T6AZAJG0XGE7S8P0CNV,414
SPQNKRPEPMVMGGVTKWHK2T6AZAJG0XGE7S8P0CNV,413
SPQNKRPEPMVMGGVTKWHK2T6AZAJG0XGE7S8P0CNV,412
SPQNKRPEPMVMGGVTKWHK2T6AZAJG0XGE7S8P0CNV,411
SP3YGEQ85YZFE31YKR34ZFCQE4BGAQNAAHN4BSTJ9,410
SP3YGEQ85YZFE31YKR34ZFCQE4BGAQNAAHN4BSTJ9,409
SP3YGEQ85YZFE31YKR34ZFCQE4BGAQNAAHN4BSTJ9,408
SP3YGEQ85YZFE31YKR34ZFCQE4BGAQNAAHN4BSTJ9,407
SP2F5179J9X1QTYKHBRZ32GMMPETFT7TKNAMB4H6S,406
SP2F5179J9X1QTYKHBRZ32GMMPETFT7TKNAMB4H6S,405
SP2F5179J9X1QTYKHBRZ32GMMPETFT7TKNAMB4H6S,404
SP2F5179J9X1QTYKHBRZ32GMMPETFT7TKNAMB4H6S,403
SP13Z9TV6CQAHN0KCF4Z82QDFFBKPYTJ2E6PMQZA7,402
SP13Z9TV6CQAHN0KCF4Z82QDFFBKPYTJ2E6PMQZA7,401
SP13Z9TV6CQAHN0KCF4Z82QDFFBKPYTJ2E6PMQZA7,400
SP13Z9TV6CQAHN0KCF4Z82QDFFBKPYTJ2E6PMQZA7,399
SP386JBCXXEZKQQDH7PY31CMDN6MBN0NRR5ANBNDY,398
SP386JBCXXEZKQQDH7PY31CMDN6MBN0NRR5ANBNDY,397
SP386JBCXXEZKQQDH7PY31CMDN6MBN0NRR5ANBNDY,396
SP386JBCXXEZKQQDH7PY31CMDN6MBN0NRR5ANBNDY,395
SP37V70685Q99CN6TN2BTZP7TN48FVGZC3JB440HW,394
SP37V70685Q99CN6TN2BTZP7TN48FVGZC3JB440HW,393
SP37V70685Q99CN6TN2BTZP7TN48FVGZC3JB440HW,392
SP37V70685Q99CN6TN2BTZP7TN48FVGZC3JB440HW,391
SP37M9AJ9690ATDMPDTX0XKNACZQ1ANNQVCJHRNMN,390
SP37M9AJ9690ATDMPDTX0XKNACZQ1ANNQVCJHRNMN,389
SP37M9AJ9690ATDMPDTX0XKNACZQ1ANNQVCJHRNMN,388
SP37M9AJ9690ATDMPDTX0XKNACZQ1ANNQVCJHRNMN,387
SP2CS9W1XPW7D0HD72T79P7TAFMXA1ATA78EHKFP4,386
SP2CS9W1XPW7D0HD72T79P7TAFMXA1ATA78EHKFP4,385
SP2CS9W1XPW7D0HD72T79P7TAFMXA1ATA78EHKFP4,384
SP2CS9W1XPW7D0HD72T79P7TAFMXA1ATA78EHKFP4,383
SPJAJQM6WK1VBGPQ4KJ65EJ3VKB8Y9TJ3JZXQY7J,382
SPJAJQM6WK1VBGPQ4KJ65EJ3VKB8Y9TJ3JZXQY7J,381
SPJAJQM6WK1VBGPQ4KJ65EJ3VKB8Y9TJ3JZXQY7J,380
SPJAJQM6WK1VBGPQ4KJ65EJ3VKB8Y9TJ3JZXQY7J,379
SP26ZFBNK3NPC1X1EHAN1RZR8PMDVEQM07VRAHBA4,378
SP26ZFBNK3NPC1X1EHAN1RZR8PMDVEQM07VRAHBA4,377
SP26ZFBNK3NPC1X1EHAN1RZR8PMDVEQM07VRAHBA4,376
SP26ZFBNK3NPC1X1EHAN1RZR8PMDVEQM07VRAHBA4,375
SP1JG9KY2SWTSAF7Z14HW8J76WAQB96F24K7A18DC,374
SP1JG9KY2SWTSAF7Z14HW8J76WAQB96F24K7A18DC,373
SP1JG9KY2SWTSAF7Z14HW8J76WAQB96F24K7A18DC,372
SP1JG9KY2SWTSAF7Z14HW8J76WAQB96F24K7A18DC,371
SP3CRC3YMYHS28HY7QQS6Y8KJ7T24AACV6R0G3AXW,370
SP3CRC3YMYHS28HY7QQS6Y8KJ7T24AACV6R0G3AXW,369
SP3CRC3YMYHS28HY7QQS6Y8KJ7T24AACV6R0G3AXW,368
SP3CRC3YMYHS28HY7QQS6Y8KJ7T24AACV6R0G3AXW,367
SP1KE33PNDE7GGHGZA01JHVQ8C125A0H5PDVH3H96,366
SP1KE33PNDE7GGHGZA01JHVQ8C125A0H5PDVH3H96,365
SP1KE33PNDE7GGHGZA01JHVQ8C125A0H5PDVH3H96,364
SP1KE33PNDE7GGHGZA01JHVQ8C125A0H5PDVH3H96,363
SP21TE3K7P1D3E5SZ2FN4P1KNTPVDNC8N3QM5VNWY,362
SP21TE3K7P1D3E5SZ2FN4P1KNTPVDNC8N3QM5VNWY,361
SP21TE3K7P1D3E5SZ2FN4P1KNTPVDNC8N3QM5VNWY,360
SP21TE3K7P1D3E5SZ2FN4P1KNTPVDNC8N3QM5VNWY,359
SP3HJMPYCVQM3ZQBMH1J8TX4MQYNGH0TMDVSE30S9,358
SP3HJMPYCVQM3ZQBMH1J8TX4MQYNGH0TMDVSE30S9,357
SP3HJMPYCVQM3ZQBMH1J8TX4MQYNGH0TMDVSE30S9,356
SP3HJMPYCVQM3ZQBMH1J8TX4MQYNGH0TMDVSE30S9,355
SP3BP0KTDJ5S5H660R8VWYNPEQAYS39G39JQFMYDC,354
SP3BP0KTDJ5S5H660R8VWYNPEQAYS39G39JQFMYDC,353
SP3BP0KTDJ5S5H660R8VWYNPEQAYS39G39JQFMYDC,352
SP3BP0KTDJ5S5H660R8VWYNPEQAYS39G39JQFMYDC,351
SP01RE70D0S38RAW91AVXJ3XBPVMXAG53K8CGDJ9,350
SP01RE70D0S38RAW91AVXJ3XBPVMXAG53K8CGDJ9,349
SP01RE70D0S38RAW91AVXJ3XBPVMXAG53K8CGDJ9,348
SP01RE70D0S38RAW91AVXJ3XBPVMXAG53K8CGDJ9,347
SP2K6B9ZNP5X3KMS09Z6SNSTPQT7B6ATBC80BT4K7,346
SP2K6B9ZNP5X3KMS09Z6SNSTPQT7B6ATBC80BT4K7,345
SP2K6B9ZNP5X3KMS09Z6SNSTPQT7B6ATBC80BT4K7,344
SP2K6B9ZNP5X3KMS09Z6SNSTPQT7B6ATBC80BT4K7,343
SP31VGKZCV2Q7SKC02DFMHR7RCM50XQ7ZH524P1CF,342
SPDC8F8HJTT46GYV1P9CVEBAVS0FDQ9Z6BQ8HGX9,341
SPDC8F8HJTT46GYV1P9CVEBAVS0FDQ9Z6BQ8HGX9,340
SPDC8F8HJTT46GYV1P9CVEBAVS0FDQ9Z6BQ8HGX9,339
SPDC8F8HJTT46GYV1P9CVEBAVS0FDQ9Z6BQ8HGX9,338
SP2VBCKRKA0XB6MHV0B162D4XQJDTNYV5DK4N2A35,337
SP2VBCKRKA0XB6MHV0B162D4XQJDTNYV5DK4N2A35,336
SP2VBCKRKA0XB6MHV0B162D4XQJDTNYV5DK4N2A35,335
SP2VBCKRKA0XB6MHV0B162D4XQJDTNYV5DK4N2A35,334
SP30RHSNVYM28VVXAZ8M4KS161RBS44R919W7HWEG,333
SP30RHSNVYM28VVXAZ8M4KS161RBS44R919W7HWEG,332
SP30RHSNVYM28VVXAZ8M4KS161RBS44R919W7HWEG,331
SP30RHSNVYM28VVXAZ8M4KS161RBS44R919W7HWEG,330
SP3VMAHTFVN9ED5FB073MK1B8MGNCZW5VCEHFFD7C,329
SP3VMAHTFVN9ED5FB073MK1B8MGNCZW5VCEHFFD7C,328
SP3VMAHTFVN9ED5FB073MK1B8MGNCZW5VCEHFFD7C,327
SP3VMAHTFVN9ED5FB073MK1B8MGNCZW5VCEHFFD7C,326
SPCD0ZWMQ75ZJ152PB0C2Q1S69P0GDFYBAS3Q315,325
SPCD0ZWMQ75ZJ152PB0C2Q1S69P0GDFYBAS3Q315,324
SPCD0ZWMQ75ZJ152PB0C2Q1S69P0GDFYBAS3Q315,323
SPCD0ZWMQ75ZJ152PB0C2Q1S69P0GDFYBAS3Q315,322
SP1P7ND05Y7V255W2HKQXT8QG7JTBD8HCXKQFS3JZ,321
SP1P7ND05Y7V255W2HKQXT8QG7JTBD8HCXKQFS3JZ,320
SP1P7ND05Y7V255W2HKQXT8QG7JTBD8HCXKQFS3JZ,319
SP1P7ND05Y7V255W2HKQXT8QG7JTBD8HCXKQFS3JZ,318
SP32GSZQWDFEKDPD4QHYJBMESV3TCTVMPT9K6C9C8,317
SP32GSZQWDFEKDPD4QHYJBMESV3TCTVMPT9K6C9C8,316
SP32GSZQWDFEKDPD4QHYJBMESV3TCTVMPT9K6C9C8,315
SP32GSZQWDFEKDPD4QHYJBMESV3TCTVMPT9K6C9C8,314
SPPAEMMJ4Q5QXFYV0QMJNHKWSM4VQY44T9QVRZ4X,313
SPPAEMMJ4Q5QXFYV0QMJNHKWSM4VQY44T9QVRZ4X,312
SPPAEMMJ4Q5QXFYV0QMJNHKWSM4VQY44T9QVRZ4X,311
SPPAEMMJ4Q5QXFYV0QMJNHKWSM4VQY44T9QVRZ4X,310
SP10R3T315CMNQQ0P3N3HF82AC9EJ1S4VB305D3J,309
SP10R3T315CMNQQ0P3N3HF82AC9EJ1S4VB305D3J,308
SP10R3T315CMNQQ0P3N3HF82AC9EJ1S4VB305D3J,307
SP10R3T315CMNQQ0P3N3HF82AC9EJ1S4VB305D3J,306
SP2P7C3BQTKPQ7VW391DWRE34PYHTMHKMV7K00WHG,305
SP2P7C3BQTKPQ7VW391DWRE34PYHTMHKMV7K00WHG,304
SP2P7C3BQTKPQ7VW391DWRE34PYHTMHKMV7K00WHG,303
SP2P7C3BQTKPQ7VW391DWRE34PYHTMHKMV7K00WHG,302
SP6B8X27FBP5ST3KX0RSC50SAG1MV28NZW773XKK,301
SP6B8X27FBP5ST3KX0RSC50SAG1MV28NZW773XKK,300
SP6B8X27FBP5ST3KX0RSC50SAG1MV28NZW773XKK,299
SP6B8X27FBP5ST3KX0RSC50SAG1MV28NZW773XKK,298
SP12EWS978BNFQ3831TQJ7GMMXDXFC0E65R4AYWT8,297
SP12EWS978BNFQ3831TQJ7GMMXDXFC0E65R4AYWT8,296
SP12EWS978BNFQ3831TQJ7GMMXDXFC0E65R4AYWT8,295
SP12EWS978BNFQ3831TQJ7GMMXDXFC0E65R4AYWT8,294
SP2RRHKRA278G307HNQH0SAWC1VMK68XR8XNG1WG0,293
SP2RRHKRA278G307HNQH0SAWC1VMK68XR8XNG1WG0,292
SP2RRHKRA278G307HNQH0SAWC1VMK68XR8XNG1WG0,291
SP2RRHKRA278G307HNQH0SAWC1VMK68XR8XNG1WG0,290
SPZHXYAVVYJ2YE9YX01XGGK9JNPHW48XFNJRV8ZM,289
SPZHXYAVVYJ2YE9YX01XGGK9JNPHW48XFNJRV8ZM,288
SPZHXYAVVYJ2YE9YX01XGGK9JNPHW48XFNJRV8ZM,287
SPZHXYAVVYJ2YE9YX01XGGK9JNPHW48XFNJRV8ZM,286
SPWGX2EZASQ13DRNF24YXPTW4VX2W3EDEZ6CKWZJ,285
SPWGX2EZASQ13DRNF24YXPTW4VX2W3EDEZ6CKWZJ,284
SPWGX2EZASQ13DRNF24YXPTW4VX2W3EDEZ6CKWZJ,283
SPWGX2EZASQ13DRNF24YXPTW4VX2W3EDEZ6CKWZJ,282
SP21WHX1Z9TYYS9TDJZRKWQGWES4JHDZW4ZH2W1NK,281
SP21WHX1Z9TYYS9TDJZRKWQGWES4JHDZW4ZH2W1NK,280
SP21WHX1Z9TYYS9TDJZRKWQGWES4JHDZW4ZH2W1NK,279
SP21WHX1Z9TYYS9TDJZRKWQGWES4JHDZW4ZH2W1NK,278
SP1V5T2ZR2Q656R2EK9JK8NDRV5V4MBAXW76HRCXP,277
SP1V5T2ZR2Q656R2EK9JK8NDRV5V4MBAXW76HRCXP,276
SP1V5T2ZR2Q656R2EK9JK8NDRV5V4MBAXW76HRCXP,275
SP1V5T2ZR2Q656R2EK9JK8NDRV5V4MBAXW76HRCXP,274
SP1RDREHE5W87WHDY7RKFS8WVASZ4P9YY0YJWWA2N,273
SP1RDREHE5W87WHDY7RKFS8WVASZ4P9YY0YJWWA2N,272
SP1RDREHE5W87WHDY7RKFS8WVASZ4P9YY0YJWWA2N,271
SP1RDREHE5W87WHDY7RKFS8WVASZ4P9YY0YJWWA2N,270
SP2RQSS8944XB5NHHTWW8VRDTH3ZYEVKS6M5T6NBH,269
SP2RQSS8944XB5NHHTWW8VRDTH3ZYEVKS6M5T6NBH,268
SP2RQSS8944XB5NHHTWW8VRDTH3ZYEVKS6M5T6NBH,267
SP2RQSS8944XB5NHHTWW8VRDTH3ZYEVKS6M5T6NBH,266
SP1CFNQNAQDYMQQT2FW818H6TBJCEW41G9P22N0XS,265
SP1CFNQNAQDYMQQT2FW818H6TBJCEW41G9P22N0XS,264
SP1CFNQNAQDYMQQT2FW818H6TBJCEW41G9P22N0XS,263
SP1CFNQNAQDYMQQT2FW818H6TBJCEW41G9P22N0XS,262
SP234AX7AM38TP5PMRYT81J771RYNP7WPKAF1EYBX,261
SP234AX7AM38TP5PMRYT81J771RYNP7WPKAF1EYBX,260
SP234AX7AM38TP5PMRYT81J771RYNP7WPKAF1EYBX,259
SP234AX7AM38TP5PMRYT81J771RYNP7WPKAF1EYBX,258
SPV08F0DHKPPXSPQ2050RWX8E1A07KP0A4K9JKHN,257
SPV08F0DHKPPXSPQ2050RWX8E1A07KP0A4K9JKHN,256
SPV08F0DHKPPXSPQ2050RWX8E1A07KP0A4K9JKHN,255
SPV08F0DHKPPXSPQ2050RWX8E1A07KP0A4K9JKHN,254
SP3H8JNQKF3FDCBY2AGTPVYVMN4N210QH37JQ1DSM,253
SP3H8JNQKF3FDCBY2AGTPVYVMN4N210QH37JQ1DSM,252
SP3H8JNQKF3FDCBY2AGTPVYVMN4N210QH37JQ1DSM,251
SP3H8JNQKF3FDCBY2AGTPVYVMN4N210QH37JQ1DSM,250
SP19PH34BJYPS9DRG8WKTEC0MNFQCQTTXPHFDHK40,249
SP19PH34BJYPS9DRG8WKTEC0MNFQCQTTXPHFDHK40,248
SP19PH34BJYPS9DRG8WKTEC0MNFQCQTTXPHFDHK40,247
SP19PH34BJYPS9DRG8WKTEC0MNFQCQTTXPHFDHK40,246
SP1MK5A4FYPEAZ7KBZJD50N9KCGAGF0Z214Z96854,245
SP1MK5A4FYPEAZ7KBZJD50N9KCGAGF0Z214Z96854,244
SP1MK5A4FYPEAZ7KBZJD50N9KCGAGF0Z214Z96854,243
SP1MK5A4FYPEAZ7KBZJD50N9KCGAGF0Z214Z96854,242
SP5HGKSK6326BMK1D869208ZVN6VFJJ87XFTQ9DR,241
SP5HGKSK6326BMK1D869208ZVN6VFJJ87XFTQ9DR,240
SP5HGKSK6326BMK1D869208ZVN6VFJJ87XFTQ9DR,239
SP5HGKSK6326BMK1D869208ZVN6VFJJ87XFTQ9DR,238
SP3P660TK2Z4W5B484H4BAVMS1XRWN0WPBQBEYVTQ,237
SP3P660TK2Z4W5B484H4BAVMS1XRWN0WPBQBEYVTQ,236
SP3P660TK2Z4W5B484H4BAVMS1XRWN0WPBQBEYVTQ,235
SP3P660TK2Z4W5B484H4BAVMS1XRWN0WPBQBEYVTQ,234
SP2JX2J3XNQH3R1ZYNHKRA6H9GE1BFMZC8XVQRP2K,233
SP2JX2J3XNQH3R1ZYNHKRA6H9GE1BFMZC8XVQRP2K,232
SP2JX2J3XNQH3R1ZYNHKRA6H9GE1BFMZC8XVQRP2K,231
SP2JX2J3XNQH3R1ZYNHKRA6H9GE1BFMZC8XVQRP2K,230
SPTDR1ZWVQGPWK3PX7GNFF6WBWA66E5PBPQXM09Q,229
SPTDR1ZWVQGPWK3PX7GNFF6WBWA66E5PBPQXM09Q,228
SPTDR1ZWVQGPWK3PX7GNFF6WBWA66E5PBPQXM09Q,227
SPTDR1ZWVQGPWK3PX7GNFF6WBWA66E5PBPQXM09Q,226
SP3YQXM3YKJAD3S067M2TYBNJNA2PSXZN1V0V3XMA,225
SP3YQXM3YKJAD3S067M2TYBNJNA2PSXZN1V0V3XMA,224
SP3YQXM3YKJAD3S067M2TYBNJNA2PSXZN1V0V3XMA,223
SP3YQXM3YKJAD3S067M2TYBNJNA2PSXZN1V0V3XMA,222
SP1GFAKK39HJJ7MXNMV2EX27CG2X5XH39Q49KWDVC,221
SP1GFAKK39HJJ7MXNMV2EX27CG2X5XH39Q49KWDVC,220
SP1GFAKK39HJJ7MXNMV2EX27CG2X5XH39Q49KWDVC,219
SP1GFAKK39HJJ7MXNMV2EX27CG2X5XH39Q49KWDVC,218
SP2GD6674F0K374E37T85DD0DW89NQ77EYGPAM4NE,217
SP2GD6674F0K374E37T85DD0DW89NQ77EYGPAM4NE,216
SP2GD6674F0K374E37T85DD0DW89NQ77EYGPAM4NE,215
SP2GD6674F0K374E37T85DD0DW89NQ77EYGPAM4NE,214
SP2130FJG9VYZXPH6TCF78HN37PCGZNFWCND6ZEN7,213
SP2130FJG9VYZXPH6TCF78HN37PCGZNFWCND6ZEN7,212
SP2130FJG9VYZXPH6TCF78HN37PCGZNFWCND6ZEN7,211
SP2130FJG9VYZXPH6TCF78HN37PCGZNFWCND6ZEN7,210
SP10BYAXERV02SCZ7RPT4NPNW115J6RW6WBQ84TV1,209
SP10BYAXERV02SCZ7RPT4NPNW115J6RW6WBQ84TV1,208
SP10BYAXERV02SCZ7RPT4NPNW115J6RW6WBQ84TV1,207
SP10BYAXERV02SCZ7RPT4NPNW115J6RW6WBQ84TV1,206
SP1W9NMXN6A5ET6PS54XDE36E0ZA97CTFQ52195A1,205
SP1W9NMXN6A5ET6PS54XDE36E0ZA97CTFQ52195A1,204
SP1W9NMXN6A5ET6PS54XDE36E0ZA97CTFQ52195A1,203
SP1W9NMXN6A5ET6PS54XDE36E0ZA97CTFQ52195A1,202
SP3QR70NNK4676T19TJ3JZARZ5C5QT4NSVTP9NNJ6,201
SP3QR70NNK4676T19TJ3JZARZ5C5QT4NSVTP9NNJ6,200
SP3QR70NNK4676T19TJ3JZARZ5C5QT4NSVTP9NNJ6,199
SP3QR70NNK4676T19TJ3JZARZ5C5QT4NSVTP9NNJ6,198
SP11QHPQZ45QK3Q2798GBJPBT0RJ348HGHRRS66F2,197
SP11QHPQZ45QK3Q2798GBJPBT0RJ348HGHRRS66F2,196
SP11QHPQZ45QK3Q2798GBJPBT0RJ348HGHRRS66F2,195
SP11QHPQZ45QK3Q2798GBJPBT0RJ348HGHRRS66F2,194
SP2DCTMFVSP519ABE62T5C5RXPWG5XP6RVK505S85,193
SP2DCTMFVSP519ABE62T5C5RXPWG5XP6RVK505S85,192
SP2DCTMFVSP519ABE62T5C5RXPWG5XP6RVK505S85,191
SP2DCTMFVSP519ABE62T5C5RXPWG5XP6RVK505S85,190
SPNC74TVMRNGWVP56PT57DKQJNKH06XZF30579K0,189
SPNC74TVMRNGWVP56PT57DKQJNKH06XZF30579K0,188
SPNC74TVMRNGWVP56PT57DKQJNKH06XZF30579K0,187
SPNC74TVMRNGWVP56PT57DKQJNKH06XZF30579K0,186
SP1XXRSXXJAM06TA0DQZX7H11BH7DX1CJHV3KG7T7,185
SP1XXRSXXJAM06TA0DQZX7H11BH7DX1CJHV3KG7T7,184
SP1XXRSXXJAM06TA0DQZX7H11BH7DX1CJHV3KG7T7,183
SP1XXRSXXJAM06TA0DQZX7H11BH7DX1CJHV3KG7T7,182
SP1XJNNAR4J1E6HJSY32SM2728N3YJNYHM4D54V0H,181
SP1XJNNAR4J1E6HJSY32SM2728N3YJNYHM4D54V0H,180
SP1XJNNAR4J1E6HJSY32SM2728N3YJNYHM4D54V0H,179
SP1XJNNAR4J1E6HJSY32SM2728N3YJNYHM4D54V0H,178
SPQYSXV1X4ZPRREE4ND04XTXSNXQF6GC3N6KVSJ0,177
SPQYSXV1X4ZPRREE4ND04XTXSNXQF6GC3N6KVSJ0,176
SPQYSXV1X4ZPRREE4ND04XTXSNXQF6GC3N6KVSJ0,175
SPQYSXV1X4ZPRREE4ND04XTXSNXQF6GC3N6KVSJ0,174
SP1YEGV5GNRCE4Z1J90WZKPX09ST6YWDHYFAJV8CX,173
SP1YEGV5GNRCE4Z1J90WZKPX09ST6YWDHYFAJV8CX,172
SP1YEGV5GNRCE4Z1J90WZKPX09ST6YWDHYFAJV8CX,171
SP1YEGV5GNRCE4Z1J90WZKPX09ST6YWDHYFAJV8CX,170
SP294TVRWTN02380C8JZFF2QAT7NBWCWN3YVRK26A,169
SP294TVRWTN02380C8JZFF2QAT7NBWCWN3YVRK26A,168
SP294TVRWTN02380C8JZFF2QAT7NBWCWN3YVRK26A,167
SP294TVRWTN02380C8JZFF2QAT7NBWCWN3YVRK26A,166
SP2222RHN6DPJV1VK51G7XVBEB2SY2J0YSR3J82WS,165
SP2222RHN6DPJV1VK51G7XVBEB2SY2J0YSR3J82WS,164
SP2222RHN6DPJV1VK51G7XVBEB2SY2J0YSR3J82WS,163
SP2222RHN6DPJV1VK51G7XVBEB2SY2J0YSR3J82WS,162
SP27DXZ4N8ENSY63G6P91T6WQ1N1SNA3QEXGE4NC1,161
SP27DXZ4N8ENSY63G6P91T6WQ1N1SNA3QEXGE4NC1,160
SP27DXZ4N8ENSY63G6P91T6WQ1N1SNA3QEXGE4NC1,159
SP27DXZ4N8ENSY63G6P91T6WQ1N1SNA3QEXGE4NC1,158
SP3RV76MZQ3935GQJ4AWZQBPTZER71A3E0VBE1XWQ,157
SP3RV76MZQ3935GQJ4AWZQBPTZER71A3E0VBE1XWQ,156
SP3RV76MZQ3935GQJ4AWZQBPTZER71A3E0VBE1XWQ,155
SP3RV76MZQ3935GQJ4AWZQBPTZER71A3E0VBE1XWQ,154
SP1D9KQ7YN6BYD664FMYQZX4PTM230PA45YD973C1,153
SP1D9KQ7YN6BYD664FMYQZX4PTM230PA45YD973C1,152
SP1D9KQ7YN6BYD664FMYQZX4PTM230PA45YD973C1,151
SP1D9KQ7YN6BYD664FMYQZX4PTM230PA45YD973C1,150
SP13AFJ4HE29DSCNMX4P8HVZ4YQSY2956X7T5Z5V4,149
SP13AFJ4HE29DSCNMX4P8HVZ4YQSY2956X7T5Z5V4,148
SP13AFJ4HE29DSCNMX4P8HVZ4YQSY2956X7T5Z5V4,147
SP13AFJ4HE29DSCNMX4P8HVZ4YQSY2956X7T5Z5V4,146
SP3B5Z1RS7RF4QDG1KZ5NPN72ZZ5Y136CYPED1Q5D,145
SP3B5Z1RS7RF4QDG1KZ5NPN72ZZ5Y136CYPED1Q5D,144
SP3B5Z1RS7RF4QDG1KZ5NPN72ZZ5Y136CYPED1Q5D,143
SP3B5Z1RS7RF4QDG1KZ5NPN72ZZ5Y136CYPED1Q5D,142
SP2NQQTBGTHNKDECEP0QHR2A363FT42FJ1126HVGQ,141
SP2NQQTBGTHNKDECEP0QHR2A363FT42FJ1126HVGQ,140
SP2NQQTBGTHNKDECEP0QHR2A363FT42FJ1126HVGQ,139
SP2NQQTBGTHNKDECEP0QHR2A363FT42FJ1126HVGQ,138
SP3HAGASVMN76YBR957Q997FPTQDJH0SGY8WRFYFE,137
SP3HAGASVMN76YBR957Q997FPTQDJH0SGY8WRFYFE,136
SP3HAGASVMN76YBR957Q997FPTQDJH0SGY8WRFYFE,135
SP3HAGASVMN76YBR957Q997FPTQDJH0SGY8WRFYFE,134
SP1Q23FNGX3JPZNRR2SGHF4EW7SF23KWSPPVQZ48Q,133
SP1Q23FNGX3JPZNRR2SGHF4EW7SF23KWSPPVQZ48Q,132
SP1Q23FNGX3JPZNRR2SGHF4EW7SF23KWSPPVQZ48Q,131
SP1Q23FNGX3JPZNRR2SGHF4EW7SF23KWSPPVQZ48Q,130
SP2NPA99MP8BD8XR5VNY7N3NJHNDQW3TMK9WX1V8E,129
SP2NPA99MP8BD8XR5VNY7N3NJHNDQW3TMK9WX1V8E,128
SP2NPA99MP8BD8XR5VNY7N3NJHNDQW3TMK9WX1V8E,127
SP2NPA99MP8BD8XR5VNY7N3NJHNDQW3TMK9WX1V8E,126
SP1TXX0KY5V30E0RBJM8BA8ATS73JQ8ZQ91WGJPGX,125
SP1TXX0KY5V30E0RBJM8BA8ATS73JQ8ZQ91WGJPGX,124
SP1TXX0KY5V30E0RBJM8BA8ATS73JQ8ZQ91WGJPGX,123
SP1TXX0KY5V30E0RBJM8BA8ATS73JQ8ZQ91WGJPGX,122
SP2CD09ZZ6FK34J8MVPPVKS2RX5BN4KTKJQ0BHRKF,121
SP2CD09ZZ6FK34J8MVPPVKS2RX5BN4KTKJQ0BHRKF,120
SP2CD09ZZ6FK34J8MVPPVKS2RX5BN4KTKJQ0BHRKF,119
SP2CD09ZZ6FK34J8MVPPVKS2RX5BN4KTKJQ0BHRKF,118
SP3BXZY3NE00NK9EDJ6AM4T3VCJ9C1DM751N0ZGD,117
SP3BXZY3NE00NK9EDJ6AM4T3VCJ9C1DM751N0ZGD,116
SP3BXZY3NE00NK9EDJ6AM4T3VCJ9C1DM751N0ZGD,115
SP3BXZY3NE00NK9EDJ6AM4T3VCJ9C1DM751N0ZGD,114
SP36CAZ9AWS537N65V692EQM4JYPZ00WTTB002SYZ,113
SP36CAZ9AWS537N65V692EQM4JYPZ00WTTB002SYZ,112
SP36CAZ9AWS537N65V692EQM4JYPZ00WTTB002SYZ,111
SP36CAZ9AWS537N65V692EQM4JYPZ00WTTB002SYZ,110
SP3XGZWE22K7HQWD36XMJKG3RNN5MAEFNBPSJFC41,109
SP3XGZWE22K7HQWD36XMJKG3RNN5MAEFNBPSJFC41,108
SP3XGZWE22K7HQWD36XMJKG3RNN5MAEFNBPSJFC41,107
SP3XGZWE22K7HQWD36XMJKG3RNN5MAEFNBPSJFC41,106
SP36VYG87ZP9NZZJ17VANJAK5D9D60Y5NWZS16T88,105
SP36VYG87ZP9NZZJ17VANJAK5D9D60Y5NWZS16T88,104
SP36VYG87ZP9NZZJ17VANJAK5D9D60Y5NWZS16T88,103
SP36VYG87ZP9NZZJ17VANJAK5D9D60Y5NWZS16T88,102
SP6C5NSHTEY8TPEDMBDRS6ZXNV7YTVYYZSWZKPYQ,101
SP6C5NSHTEY8TPEDMBDRS6ZXNV7YTVYYZSWZKPYQ,100
SP6C5NSHTEY8TPEDMBDRS6ZXNV7YTVYYZSWZKPYQ,99
SP6C5NSHTEY8TPEDMBDRS6ZXNV7YTVYYZSWZKPYQ,98
SP2V8M8Z71N1TMNWF2E3TP84NW6F5GHPMME94ZJV1,97
SP2V8M8Z71N1TMNWF2E3TP84NW6F5GHPMME94ZJV1,96
SP2V8M8Z71N1TMNWF2E3TP84NW6F5GHPMME94ZJV1,95
SP2V8M8Z71N1TMNWF2E3TP84NW6F5GHPMME94ZJV1,94
SP3XV04NRVKPCFHCDPZGBN8BK7W4X4EBCAPZC71AC,93
SP3XV04NRVKPCFHCDPZGBN8BK7W4X4EBCAPZC71AC,92
SP3XV04NRVKPCFHCDPZGBN8BK7W4X4EBCAPZC71AC,91
SP3XV04NRVKPCFHCDPZGBN8BK7W4X4EBCAPZC71AC,90
SP2PGP471G7MNECMCWVJ0WQNZYQG8GDXMSER9MYVC,89
SP2PGP471G7MNECMCWVJ0WQNZYQG8GDXMSER9MYVC,88
SP2PGP471G7MNECMCWVJ0WQNZYQG8GDXMSER9MYVC,87
SP2PGP471G7MNECMCWVJ0WQNZYQG8GDXMSER9MYVC,86
SPEHGWVZR3621B8SN6JRVMJHXKXJDSN9Y51ZNQ4M,85
SPEHGWVZR3621B8SN6JRVMJHXKXJDSN9Y51ZNQ4M,84
SPEHGWVZR3621B8SN6JRVMJHXKXJDSN9Y51ZNQ4M,83
SPEHGWVZR3621B8SN6JRVMJHXKXJDSN9Y51ZNQ4M,82
SP292M67HX6AVAE8TJV0DGVPFJ9DHNF5DDK6H2Y2A,81
SP292M67HX6AVAE8TJV0DGVPFJ9DHNF5DDK6H2Y2A,80
SP292M67HX6AVAE8TJV0DGVPFJ9DHNF5DDK6H2Y2A,79
SP292M67HX6AVAE8TJV0DGVPFJ9DHNF5DDK6H2Y2A,78
SP1VF69K62RVKX1625SVH07ZQ7C0TQBQNWQ9X3K89,77
SP1VF69K62RVKX1625SVH07ZQ7C0TQBQNWQ9X3K89,76
SP1VF69K62RVKX1625SVH07ZQ7C0TQBQNWQ9X3K89,75
SP1VF69K62RVKX1625SVH07ZQ7C0TQBQNWQ9X3K89,74
SP1D8C4Q0B7JW57D7KG67H91QFVTQ15QJAJET61F1,73
SP1D8C4Q0B7JW57D7KG67H91QFVTQ15QJAJET61F1,72
SP1D8C4Q0B7JW57D7KG67H91QFVTQ15QJAJET61F1,71
SP1D8C4Q0B7JW57D7KG67H91QFVTQ15QJAJET61F1,70
SP4Z4XP492AT2SG17F4G996NCXQFEENJEYNPZFVN,69
SP4Z4XP492AT2SG17F4G996NCXQFEENJEYNPZFVN,68
SP4Z4XP492AT2SG17F4G996NCXQFEENJEYNPZFVN,67
SP4Z4XP492AT2SG17F4G996NCXQFEENJEYNPZFVN,66
SP1MNJKNWW1MN49ENWS3EHETSS1P8Y9Q6ENZW3DQE,65
SP1MNJKNWW1MN49ENWS3EHETSS1P8Y9Q6ENZW3DQE,64
SP1MNJKNWW1MN49ENWS3EHETSS1P8Y9Q6ENZW3DQE,63
SP1MNJKNWW1MN49ENWS3EHETSS1P8Y9Q6ENZW3DQE,62
SP2MW3W1NWDKBZ3RR8XBEVZM0PB9F2BEC6MD6BYSC,61
SP2MW3W1NWDKBZ3RR8XBEVZM0PB9F2BEC6MD6BYSC,60
SP2MW3W1NWDKBZ3RR8XBEVZM0PB9F2BEC6MD6BYSC,59
SP2MW3W1NWDKBZ3RR8XBEVZM0PB9F2BEC6MD6BYSC,58
SP3Z6FWNDZZSS167E6DTS81G7715BK13M5108ZXHG,57
SP3PT434PT8T9KFZWM531DJ2Y5DB334B15SEHTXRW,56
SPXM6GQQRYED3JCFP4PTQXVWWXCCAT9NTJJCH62W,55
SPXM6GQQRYED3JCFP4PTQXVWWXCCAT9NTJJCH62W,54
SP2V8AFRXRFYQE1B04QREA21JJ2HGJRJZ1H93GB6B,53
SP2V8AFRXRFYQE1B04QREA21JJ2HGJRJZ1H93GB6B,52
SPYH3MRR8MCFRZHAEEGDM52ZBHG21YWS3V5KS79Y,51
SPYH3MRR8MCFRZHAEEGDM52ZBHG21YWS3V5KS79Y,50
SPYH3MRR8MCFRZHAEEGDM52ZBHG21YWS3V5KS79Y,49
SPYH3MRR8MCFRZHAEEGDM52ZBHG21YWS3V5KS79Y,48
SP2FB951H8AM8RHJYKCZ46GYCSQC6DTQJYFY0KQ27,47
SP2FB951H8AM8RHJYKCZ46GYCSQC6DTQJYFY0KQ27,46
SP2387TVHZ5X6TSCD6HNDA7N8ZC4M1XNYHFBHNWS5,45
SP2387TVHZ5X6TSCD6HNDA7N8ZC4M1XNYHFBHNWS5,44
SP2387TVHZ5X6TSCD6HNDA7N8ZC4M1XNYHFBHNWS5,43
SP2387TVHZ5X6TSCD6HNDA7N8ZC4M1XNYHFBHNWS5,42
SP39YYRWB9685M4KK8N3N702EGPF8NCD2MW2158JV,41
SP39YYRWB9685M4KK8N3N702EGPF8NCD2MW2158JV,40
SP39YYRWB9685M4KK8N3N702EGPF8NCD2MW2158JV,39
SP39YYRWB9685M4KK8N3N702EGPF8NCD2MW2158JV,38
SPCGJT66SJ314GME2JRCZKTQ5KABKCJCH9HPS92H,37
SPCGJT66SJ314GME2JRCZKTQ5KABKCJCH9HPS92H,36
SPCGJT66SJ314GME2JRCZKTQ5KABKCJCH9HPS92H,35
SPCGJT66SJ314GME2JRCZKTQ5KABKCJCH9HPS92H,34
SP2WXRECAZGMBTKNFE6WVFEJ0A3TJG95GWCNWKBJ1,33
SP2WXRECAZGMBTKNFE6WVFEJ0A3TJG95GWCNWKBJ1,32
SP2WXRECAZGMBTKNFE6WVFEJ0A3TJG95GWCNWKBJ1,31
SP2WXRECAZGMBTKNFE6WVFEJ0A3TJG95GWCNWKBJ1,30
SP1QFBMM2J9AGSCVFGQ7MM511XVB266B4SFF8KSFN,29
SP1QFBMM2J9AGSCVFGQ7MM511XVB266B4SFF8KSFN,28
SP1QFBMM2J9AGSCVFGQ7MM511XVB266B4SFF8KSFN,27
SP1QFBMM2J9AGSCVFGQ7MM511XVB266B4SFF8KSFN,26
SP1CKB57B1V4983HC3DTA05825P8RVQSVV9JN404S,25
SP1CKB57B1V4983HC3DTA05825P8RVQSVV9JN404S,24
SP1CKB57B1V4983HC3DTA05825P8RVQSVV9JN404S,23
SP1CKB57B1V4983HC3DTA05825P8RVQSVV9JN404S,22
SPGSDWYMSA6FTYPMV542D19FTZ73A7WPYXKF1QWE,21
SPGSDWYMSA6FTYPMV542D19FTZ73A7WPYXKF1QWE,20
SPGSDWYMSA6FTYPMV542D19FTZ73A7WPYXKF1QWE,19
SPGSDWYMSA6FTYPMV542D19FTZ73A7WPYXKF1QWE,18
SP2J6T0YBXPDQZNVXW5BJ51STHB3D24897NQA2N0N,17
SP2J6T0YBXPDQZNVXW5BJ51STHB3D24897NQA2N0N,16
SP2J6T0YBXPDQZNVXW5BJ51STHB3D24897NQA2N0N,15
SP2J6T0YBXPDQZNVXW5BJ51STHB3D24897NQA2N0N,14
SP1F7SA9XAF2PVYK4BH9EP93KV74138TZCAS5G12K,13
SPQ4W2M67DDEVPT02W1VXAWC4707594EZCZQBBTY,12
SPQ4W2M67DDEVPT02W1VXAWC4707594EZCZQBBTY,11
SPQ4W2M67DDEVPT02W1VXAWC4707594EZCZQBBTY,10
SPQ4W2M67DDEVPT02W1VXAWC4707594EZCZQBBTY,9
SP36JQ45NR1WK7X6JVSDKMVFP9YTBYXEVKWSVMD32,8
SP36JQ45NR1WK7X6JVSDKMVFP9YTBYXEVKWSVMD32,7
SP36JQ45NR1WK7X6JVSDKMVFP9YTBYXEVKWSVMD32,6
SP36JQ45NR1WK7X6JVSDKMVFP9YTBYXEVKWSVMD32,5
SP3B7P9JDGWTXX5SXTNKWS4N58V93TYRXBP094BBF,4
SP3B7P9JDGWTXX5SXTNKWS4N58V93TYRXBP094BBF,3
SP3B7P9JDGWTXX5SXTNKWS4N58V93TYRXBP094BBF,2
SP3B7P9JDGWTXX5SXTNKWS4N58V93TYRXBP094BBF,1