tokenId,Rarity
1,Epic
2,Legendary
3,Common
4,Rare
5,Rare
6,Common
7,Common
8,Uncommon
9,Uncommon
10,Uncommon
11,Rare
12,Common
13,Rare
14,Uncommon
15,Rare
16,Common
17,Super Rare
18,Common
19,Rare
20,Uncommon
21,Common
22,Legendary
23,Super Rare
24,Rare
25,Epic
26,Common
27,Super Rare
28,Common
29,Common
30,Uncommon
31,Uncommon
32,Uncommon
33,Uncommon
34,Uncommon
35,Rare
36,Common
37,Common
38,Common
39,Rare
40,Super Rare
41,Uncommon
42,Common
43,Uncommon
44,Uncommon
45,Ultimate
46,Common
47,Common
48,Uncommon
49,Rare
50,Uncommon
51,Common
52,Uncommon
53,Rare
54,Uncommon
55,Uncommon
56,Legendary
57,Super Rare
58,Epic
59,Common
60,Common
61,Uncommon
62,Uncommon
63,Rare
64,Rare
65,Common
66,Common
67,Common
68,Epic
69,Common
70,Rare
71,Common
72,Rare
73,Super Rare
74,Uncommon
75,Common
76,Epic
77,Common
78,Super Rare
79,Common
80,Common
81,Common
82,Rare
83,Rare
84,Common
85,Common
86,Uncommon
87,Common
88,Common
89,Common
90,Common
91,Ultimate
92,Rare
93,Super Rare
94,Ultimate
95,Common
96,Common
97,Uncommon
98,Uncommon
99,Uncommon
100,Super Rare
101,Uncommon
102,Common
103,Common
104,Ultimate
105,Common
106,Common
107,Common
108,Legendary
109,Common
110,Epic
111,Common
112,Epic
113,Common
114,Common
115,Rare
116,Rare
117,Common
118,Common
119,Epic
120,Ultimate
121,Legendary
122,Ultimate
123,Common
124,Uncommon
125,Common
126,Rare
127,Super Rare
128,Uncommon
129,Super Rare
130,Common
131,Uncommon
132,Super Rare
133,Common
134,Uncommon
135,Common
136,Common
137,Uncommon
138,Uncommon
139,Ultimate
140,Super Rare
141,Uncommon
142,Common
143,Common
144,Uncommon
145,Super Rare
146,Uncommon
147,Epic
148,Rare
149,Super Rare
150,Super Rare
151,Rare
152,Common
153,Common
154,Rare
155,Uncommon
156,Uncommon
157,Uncommon
158,Uncommon
159,Rare
160,Rare
161,Common
162,Uncommon
163,Rare
164,Common
165,Common
166,Rare
167,Uncommon
168,Common
169,Super Rare
170,Common
171,Common
172,Uncommon
173,Common
174,Uncommon
175,Uncommon
176,Epic
177,Uncommon
178,Uncommon
179,Rare
180,Uncommon
181,Common
182,Super Rare
183,Common
184,Common
185,Epic
186,Uncommon
187,Rare
188,Common
189,Rare
190,Uncommon
191,Epic
192,Super Rare
193,Common
194,Super Rare
195,Uncommon
196,Rare
197,Uncommon
198,Uncommon
199,Rare
200,Common
201,Uncommon
202,Common
203,Rare
204,Super Rare
205,Rare
206,Common
207,Uncommon
208,Common
209,Common
210,Uncommon
211,Rare
212,Common
213,Rare
214,Common
215,Rare
216,Rare
217,Common
218,Uncommon
219,Super Rare
220,Uncommon
221,Uncommon
222,Uncommon
223,Uncommon
224,Uncommon
225,Common
226,Rare
227,Rare
228,Uncommon
229,Common
230,Rare
231,Rare
232,Super Rare
233,Rare
234,Common
235,Rare
236,Epic
237,Common
238,Legendary
239,Rare
240,Common
241,Common
242,Common
243,Rare
244,Uncommon
245,Legendary
246,Rare
247,Common
248,Super Rare
249,Common
250,Uncommon
251,Rare
252,Uncommon
253,Super Rare
254,Rare
255,Common
256,Super Rare
257,Super Rare
258,Common
259,Common
260,Super Rare
261,Common
262,Common
263,Super Rare
264,Uncommon
265,Uncommon
266,Uncommon
267,Common
268,Common
269,Common
270,Common
271,Super Rare
272,Common
273,Common
274,Common
275,Legendary
276,Rare
277,Uncommon
278,Uncommon
279,Rare
280,Common
281,Uncommon
282,Common
283,Uncommon
284,Uncommon
285,Uncommon
286,Common
287,Rare
288,Legendary
289,Uncommon
290,Common
291,Common
292,Uncommon
293,Common
294,Rare
295,Common
296,Uncommon
297,Common
298,Uncommon
299,Epic
300,Epic
301,Uncommon
302,Epic
303,Epic
304,Rare
305,Epic
306,Rare
307,Common
308,Common
309,Uncommon
310,Common
311,Common
312,Super Rare
313,Common
314,Uncommon
315,Common
316,Epic
317,Ultimate
318,Common
319,Common
320,Uncommon
321,Common
322,Epic
323,Super Rare
324,Common
325,Rare
326,Uncommon
327,Common
328,Common
329,Rare
330,Rare
331,Epic
332,Common
333,Super Rare
334,Common
335,Common
336,Super Rare
337,Epic
338,Common
339,Epic
340,Rare
341,Legendary
342,Common
343,Rare
344,Common
345,Uncommon
346,Uncommon
347,Common
348,Common
349,Rare
350,Common
351,Common
352,Common
353,Common
354,Common
355,Rare
356,Super Rare
357,Rare
358,Common
359,Common
360,Common
361,Epic
362,Uncommon
363,Legendary
364,Epic
365,Common
366,Rare
367,Common
368,Legendary
369,Rare
370,Uncommon
371,Epic
372,Uncommon
373,Common
374,Epic
375,Common
376,Common
377,Uncommon
378,Legendary
379,Common
380,Rare
381,Super Rare
382,Super Rare
383,Common
384,Common
385,Epic
386,Legendary
387,Uncommon
388,Uncommon
389,Common
390,Super Rare
391,Rare
392,Common
393,Common
394,Uncommon
395,Epic
396,Rare
397,Common
398,Uncommon
399,Common
400,Rare
401,Common
402,Common
403,Common
404,Common
405,Common
406,Common
407,Uncommon
408,Common
409,Rare
410,Epic
411,Epic
412,Common
413,Legendary
414,Common
415,Uncommon
416,Common
417,Common
418,Uncommon
419,Epic
420,Common
421,Uncommon
422,Common
423,Uncommon
424,Rare
425,Ultimate
426,Common
427,Uncommon
428,Rare
429,Common
430,Uncommon
431,Common
432,Uncommon
433,Epic
434,Epic
435,Common
436,Common
437,Legendary
438,Uncommon
439,Uncommon
440,Rare
441,Rare
442,Super Rare
443,Common
444,Super Rare
445,Common
446,Legendary
447,Rare
448,Legendary
449,Common
450,Common
451,Common
452,Ultimate
453,Rare
454,Epic
455,Common
456,Rare
457,Epic
458,Rare
459,Epic
460,Common
461,Common
462,Super Rare
463,Common
464,Uncommon
465,Uncommon
466,Common
467,Rare
468,Uncommon
469,Common
470,Epic
471,Rare
472,Rare
473,Rare
474,Super Rare
475,Uncommon
476,Ultimate
477,Legendary
478,Common
479,Uncommon
480,Epic
481,Ultimate
482,Common
483,Uncommon
484,Common
485,Common
486,Common
487,Rare
488,Common
489,Uncommon
490,Ultimate
491,Epic
492,Rare
493,Uncommon
494,Legendary
495,Uncommon
496,Rare
497,Common
498,Uncommon
499,Common
500,Rare
501,Common
502,Common
503,Common
504,Uncommon
505,Uncommon
506,Common
507,Super Rare
508,Common
509,Common
510,Uncommon
511,Epic
512,Rare
513,Uncommon
514,Rare
515,Common
516,Rare
517,Uncommon
518,Rare
519,Uncommon
520,Epic
521,Common
522,Rare
523,Ultimate
524,Common
525,Ultimate
526,Rare
527,Rare
528,Common
529,Rare
530,Common
531,Common
532,Common
533,Uncommon
534,Rare
535,Legendary
536,Common
537,Common
538,Uncommon
539,Rare
540,Uncommon
541,Common
542,Super Rare
543,Uncommon
544,Rare
545,Common
546,Common
547,Uncommon
548,Rare
549,Rare
550,Common
551,Rare
552,Epic
553,Common
554,Common
555,Uncommon
556,Rare
557,Epic
558,Super Rare
559,Uncommon
560,Uncommon
561,Common
562,Uncommon
563,Common
564,Uncommon
565,Epic
566,Rare
567,Epic
568,Rare
569,Common
570,Uncommon
571,Common
572,Common
573,Uncommon
574,Common
575,Super Rare
576,Common
577,Uncommon
578,Common
579,Legendary
580,Rare
581,Common
582,Uncommon
583,Uncommon
584,Super Rare
585,Legendary
586,Common
587,Common
588,Super Rare
589,Uncommon
590,Epic
591,Uncommon
592,Uncommon
593,Common
594,Rare
595,Uncommon
596,Uncommon
597,Common
598,Uncommon
599,Rare
600,Rare
601,Super Rare
602,Rare
603,Epic
604,Uncommon
605,Uncommon
606,Common
607,Epic
608,Uncommon
609,Rare
610,Rare
611,Uncommon
612,Common
613,Common
614,Common
615,Common
616,Legendary
617,Epic
618,Super Rare
619,Common
620,Common
621,Common
622,Common
623,Uncommon
624,Uncommon
625,Uncommon
626,Rare
627,Common
628,Common
629,Epic
630,Uncommon
631,Uncommon
632,Rare
633,Common
634,Common
635,Uncommon
636,Rare
637,Uncommon
638,Legendary
639,Uncommon
640,Uncommon
641,Uncommon
642,Rare
643,Super Rare
644,Rare
645,Uncommon
646,Common
647,Super Rare
648,Rare
649,Epic
650,Uncommon
651,Rare
652,Uncommon
653,Rare
654,Common
655,Super Rare
656,Common
657,Uncommon
658,Common
659,Rare
660,Rare
661,Common
662,Super Rare
663,Uncommon
664,Super Rare
665,Uncommon
666,Uncommon
667,Common
668,Super Rare
669,Rare
670,Uncommon
671,Uncommon
672,Legendary
673,Common
674,Uncommon
675,Common
676,Common
677,Uncommon
678,Rare
679,Rare
680,Uncommon
681,Uncommon
682,Rare
683,Uncommon
684,Uncommon
685,Uncommon
686,Uncommon
687,Rare
688,Common
689,Legendary
690,Legendary
691,Uncommon
692,Super Rare
693,Super Rare
694,Super Rare
695,Common
696,Super Rare
697,Common
698,Epic
699,Common
700,Common
701,Common
702,Legendary
703,Common
704,Common
705,Uncommon
706,Rare
707,Super Rare
708,Common
709,Rare
710,Legendary
711,Rare
712,Uncommon
713,Super Rare
714,Super Rare
715,Rare
716,Epic
717,Rare
718,Ultimate
719,Uncommon
720,Ultimate
721,Uncommon
722,Common
723,Super Rare
724,Common
725,Super Rare
726,Uncommon
727,Super Rare
728,Rare
729,Ultimate
730,Rare
731,Uncommon
732,Common
733,Uncommon
734,Common
735,Uncommon
736,Super Rare
737,Super Rare
738,Super Rare
739,Common
740,Rare
741,Uncommon
742,Super Rare
743,Super Rare
744,Super Rare
745,Super Rare
746,Uncommon
747,Super Rare
748,Uncommon
749,Uncommon
750,Common
751,Epic
752,Uncommon
753,Common
754,Super Rare
755,Super Rare
756,Uncommon
757,Super Rare
758,Epic
759,Common
760,Uncommon
761,Super Rare
762,Legendary
763,Common
764,Super Rare
765,Uncommon
766,Common
767,Rare
768,Legendary
769,Rare
770,Common
771,Super Rare
772,Epic
773,Legendary
774,Ultimate
775,Super Rare
776,Common
777,Common
778,Uncommon
779,Common
780,Common
781,Ultimate
782,Common
783,Uncommon
784,Uncommon
785,Common
786,Legendary
787,Uncommon
788,Epic
789,Uncommon
790,Common
791,Uncommon
792,Rare
793,Epic
794,Common
795,Ultimate
796,Uncommon
797,Common
798,Uncommon
799,Uncommon
800,Super Rare
801,Rare
802,Uncommon
803,Uncommon
804,Common
805,Rare
806,Rare
807,Epic
808,Epic
809,Ultimate
810,Uncommon
811,Rare
812,Super Rare
813,Common
814,Rare
815,Epic
816,Epic
817,Rare
818,Common
819,Common
820,Common
821,Rare
822,Rare
823,Super Rare
824,Uncommon
825,Common
826,Epic
827,Rare
828,Legendary
829,Common
830,Common
831,Common
832,Common
833,Common
834,Common
835,Uncommon
836,Rare
837,Uncommon
838,Super Rare
839,Uncommon
840,Legendary
841,Uncommon
842,Super Rare
843,Rare
844,Common
845,Uncommon
846,Common
847,Uncommon
848,Uncommon
849,Uncommon
850,Rare
851,Common
852,Common
853,Common
854,Common
855,Common
856,Rare
857,Uncommon
858,Uncommon
859,Rare
860,Common
861,Legendary
862,Common
863,Rare
864,Uncommon
865,Common
866,Common
867,Legendary
868,Uncommon
869,Super Rare
870,Uncommon
871,Rare
872,Rare
873,Super Rare
874,Common
875,Uncommon
876,Rare
877,Rare
878,Common
879,Common
880,Common
881,Uncommon
882,Uncommon
883,Common
884,Common
885,Uncommon
886,Legendary
887,Common
888,Ultimate
889,Uncommon
890,Super Rare
891,Common
892,Uncommon
893,Common
894,Legendary
895,Common
896,Rare
897,Super Rare
898,Uncommon
899,Common
900,Uncommon
901,Super Rare
902,Uncommon
903,Rare
904,Rare
905,Common
906,Rare
907,Uncommon
908,Epic
909,Uncommon
910,Rare
911,Uncommon
912,Common
913,Uncommon
914,Common
915,Epic
916,Uncommon
917,Common
918,Common
919,Uncommon
920,Common
921,Super Rare
922,Uncommon
923,Common
924,Common
925,Super Rare
926,Rare
927,Super Rare
928,Uncommon
929,Rare
930,Uncommon
931,Common
932,Uncommon
933,Super Rare
934,Uncommon
935,Uncommon
936,Rare
937,Common
938,Common
939,Super Rare
940,Common
941,Common
942,Common
943,Uncommon
944,Common
945,Uncommon
946,Uncommon
947,Epic
948,Uncommon
949,Common
950,Rare
951,Rare
952,Common
953,Rare
954,Uncommon
955,Epic
956,Legendary
957,Common
958,Super Rare
959,Legendary
960,Rare
961,Common
962,Common
963,Rare
964,Rare
965,Uncommon
966,Epic
967,Legendary
968,Rare
969,Uncommon
970,Rare
971,Common
972,Uncommon
973,Common
974,Legendary
975,Epic
976,Common
977,Uncommon
978,Common
979,Rare
980,Uncommon
981,Legendary
982,Uncommon
983,Ultimate
984,Epic
985,Common
986,Uncommon
987,Ultimate
988,Common
989,Epic
990,Common
991,Legendary
992,Epic
993,Common
994,Uncommon
995,Epic
996,Common
997,Common
998,Rare
999,Uncommon
1000,Common
1001,Epic
1002,Uncommon
1003,Uncommon
1004,Common
1005,Common
1006,Uncommon
1007,Super Rare
1008,Common
1009,Super Rare
1010,Epic
1011,Common
1012,Common
1013,Super Rare
1014,Epic
1015,Super Rare
1016,Common
1017,Rare
1018,Common
1019,Uncommon
1020,Epic
1021,Rare
1022,Common
1023,Common
1024,Legendary
1025,Uncommon
1026,Common
1027,Common
1028,Legendary
1029,Uncommon
1030,Epic
1031,Uncommon
1032,Super Rare
1033,Super Rare
1034,Uncommon
1035,Common
1036,Epic
1037,Common
1038,Rare
1039,Legendary
1040,Super Rare
1041,Common
1042,Ultimate
1043,Ultimate
1044,Uncommon
1045,Super Rare
1046,Uncommon
1047,Epic
1048,Super Rare
1049,Rare
1050,Uncommon
1051,Super Rare
1052,Rare
1053,Uncommon
1054,Common
1055,Ultimate
1056,Uncommon
1057,Super Rare
1058,Common
1059,Super Rare
1060,Rare
1061,Rare
1062,Common
1063,Common
1064,Uncommon
1065,Common
1066,Epic
1067,Common
1068,Uncommon
1069,Legendary
1070,Uncommon
1071,Uncommon
1072,Common
1073,Rare
1074,Common
1075,Common
1076,Common
1077,Legendary
1078,Common
1079,Rare
1080,Rare
1081,Super Rare
1082,Common
1083,Common
1084,Epic
1085,Uncommon
1086,Uncommon
1087,Rare
1088,Super Rare
1089,Epic
1090,Super Rare
1091,Common
1092,Common
1093,Uncommon
1094,Super Rare
1095,Common
1096,Uncommon
1097,Epic
1098,Uncommon
1099,Ultimate
1100,Rare
1101,Uncommon
1102,Super Rare
1103,Uncommon
1104,Ultimate
1105,Rare
1106,Uncommon
1107,Epic
1108,Uncommon
1109,Uncommon
1110,Common
1111,Legendary
1112,Common
1113,Uncommon
1114,Super Rare
1115,Uncommon
1116,Rare
1117,Uncommon
1118,Super Rare
1119,Uncommon
1120,Uncommon
1121,Common
1122,Common
1123,Uncommon
1124,Common
1125,Uncommon
1126,Legendary
1127,Epic
1128,Uncommon
1129,Rare
1130,Rare
1131,Rare
1132,Rare
1133,Uncommon
1134,Super Rare
1135,Common
1136,Common
1137,Legendary
1138,Common
1139,Uncommon
1140,Uncommon
1141,Common
1142,Uncommon
1143,Rare
1144,Rare
1145,Common
1146,Rare
1147,Rare
1148,Common
1149,Rare
1150,Epic
1151,Uncommon
1152,Rare
1153,Uncommon
1154,Common
1155,Uncommon
1156,Legendary
1157,Ultimate
1158,Uncommon
1159,Legendary
1160,Super Rare
1161,Common
1162,Legendary
1163,Common
1164,Common
1165,Uncommon
1166,Epic
1167,Legendary
1168,Super Rare
1169,Ultimate
1170,Common
1171,Common
1172,Super Rare
1173,Super Rare
1174,Epic
1175,Common
1176,Uncommon
1177,Uncommon
1178,Rare
1179,Common
1180,Epic
1181,Uncommon
1182,Ultimate
1183,Uncommon
1184,Uncommon
1185,Epic
1186,Uncommon
1187,Uncommon
1188,Common
1189,Common
1190,Super Rare
1191,Rare
1192,Epic
1193,Uncommon
1194,Rare
1195,Uncommon
1196,Legendary
1197,Super Rare
1198,Common
1199,Rare
1200,Super Rare
1201,Epic
1202,Uncommon
1203,Common
1204,Uncommon
1205,Uncommon
1206,Common
1207,Uncommon
1208,Common
1209,Common
1210,Common
1211,Common
1212,Epic
1213,Uncommon
1214,Super Rare
1215,Legendary
1216,Super Rare
1217,Common
1218,Uncommon
1219,Uncommon
1220,Super Rare
1221,Uncommon
1222,Ultimate
1223,Rare
1224,Legendary
1225,Common
1226,Common
1227,Common
1228,Epic
1229,Legendary
1230,Uncommon
1231,Common
1232,Uncommon
1233,Epic
1234,Rare
1235,Uncommon
1236,Common
1237,Common
1238,Common
1239,Epic
1240,Uncommon
1241,Epic
1242,Super Rare
1243,Uncommon
1244,Uncommon
1245,Rare
1246,Super Rare
1247,Super Rare
1248,Rare
1249,Super Rare
1250,Uncommon
1251,Common
1252,Rare
1253,Uncommon
1254,Rare
1255,Common
1256,Super Rare
1257,Uncommon
1258,Common
1259,Super Rare
1260,Common
1261,Epic
1262,Legendary
1263,Rare
1264,Common
1265,Common
1266,Legendary
1267,Legendary
1268,Rare
1269,Common
1270,Legendary
1271,Uncommon
1272,Common
1273,Common
1274,Super Rare
1275,Common
1276,Uncommon
1277,Super Rare
1278,Super Rare
1279,Common
1280,Common
1281,Rare
1282,Uncommon
1283,Legendary
1284,Rare
1285,Super Rare
1286,Legendary
1287,Uncommon
1288,Common
1289,Common
1290,Common
1291,Uncommon
1292,Common
1293,Legendary
1294,Legendary
1295,Common
1296,Rare
1297,Common
1298,Rare
1299,Uncommon
1300,Uncommon
1301,Legendary
1302,Common
1303,Super Rare
1304,Super Rare
1305,Common
1306,Rare
1307,Rare
1308,Uncommon
1309,Uncommon
1310,Super Rare
1311,Uncommon
1312,Legendary
1313,Legendary
1314,Epic
1315,Epic
1316,Uncommon
1317,Uncommon
1318,Uncommon
1319,Epic
1320,Uncommon
1321,Uncommon
1322,Common
1323,Super Rare
1324,Epic
1325,Legendary
1326,Legendary
1327,Uncommon
1328,Super Rare
1329,Rare
1330,Epic
1331,Common
1332,Uncommon
1333,Common
1334,Rare
1335,Uncommon
1336,Rare
1337,Common
1338,Common
1339,Uncommon
1340,Rare
1341,Rare
1342,Common
1343,Common
1344,Super Rare
1345,Uncommon
1346,Rare
1347,Epic
1348,Ultimate
1349,Common
1350,Super Rare
1351,Super Rare
1352,Common
1353,Uncommon
1354,Rare
1355,Uncommon
1356,Rare
1357,Legendary
1358,Uncommon
1359,Rare
1360,Rare
1361,Epic
1362,Rare
1363,Common
1364,Rare
1365,Common
1366,Ultimate
1367,Rare
1368,Uncommon
1369,Super Rare
1370,Common
1371,Super Rare
1372,Rare
1373,Common
1374,Epic
1375,Epic
1376,Rare
1377,Epic
1378,Common
1379,Uncommon
1380,Uncommon
1381,Common
1382,Ultimate
1383,Super Rare
1384,Uncommon
1385,Epic
1386,Common
1387,Common
1388,Ultimate
1389,Common
1390,Uncommon
1391,Common
1392,Rare
1393,Uncommon
1394,Super Rare
1395,Rare
1396,Super Rare
1397,Common
1398,Uncommon
1399,Uncommon
1400,Super Rare
1401,Super Rare
1402,Uncommon
1403,Super Rare
1404,Common
1405,Super Rare
1406,Common
1407,Epic
1408,Common
1409,Common
1410,Ultimate
1411,Uncommon
1412,Super Rare
1413,Rare
1414,Epic
1415,Common
1416,Rare
1417,Ultimate
1418,Uncommon
1419,Common
1420,Legendary
1421,Rare
1422,Common
1423,Rare
1424,Common
1425,Common
1426,Super Rare
1427,Super Rare
1428,Legendary
1429,Common
1430,Super Rare
1431,Uncommon
1432,Super Rare
1433,Common
1434,Uncommon
1435,Uncommon
1436,Rare
1437,Uncommon
1438,Epic
1439,Common
1440,Uncommon
1441,Super Rare
1442,Rare
1443,Common
1444,Epic
1445,Legendary
1446,Common
1447,Super Rare
1448,Rare
1449,Super Rare
1450,Epic
1451,Epic
1452,Legendary
1453,Uncommon
1454,Ultimate
1455,Legendary
1456,Rare
1457,Common
1458,Rare
1459,Ultimate
1460,Rare
1461,Super Rare
1462,Rare
1463,Uncommon
1464,Epic
1465,Rare
1466,Common
1467,Common
1468,Uncommon
1469,Common
1470,Rare
1471,Rare
1472,Common
1473,Rare
1474,Uncommon
1475,Epic
1476,Epic
1477,Common
1478,Epic
1479,Epic
1480,Super Rare
1481,Super Rare
1482,Epic
1483,Uncommon
1484,Uncommon
1485,Uncommon
1486,Uncommon
1487,Common
1488,Common
1489,Rare
1490,Uncommon
1491,Super Rare
1492,Epic
1493,Uncommon
1494,Epic
1495,Uncommon
1496,Super Rare
1497,Common
1498,Legendary
1499,Rare
1500,Super Rare
1501,Uncommon
1502,Common
1503,Common
1504,Ultimate
1505,Rare
1506,Rare
1507,Super Rare
1508,Rare
1509,Rare
1510,Uncommon
1511,Uncommon
1512,Epic
1513,Common
1514,Legendary
1515,Rare
1516,Common
1517,Legendary
1518,Rare
1519,Common
1520,Epic
1521,Epic
1522,Common
1523,Common
1524,Common
1525,Ultimate
1526,Uncommon
1527,Legendary
1528,Uncommon
1529,Rare
1530,Epic
1531,Legendary
1532,Rare
1533,Uncommon
1534,Common
1535,Super Rare
1536,Super Rare
1537,Epic
1538,Common
1539,Common
1540,Rare
1541,Rare
1542,Uncommon
1543,Epic
1544,Super Rare
1545,Common
1546,Epic
1547,Rare
1548,Ultimate
1549,Epic
1550,Rare
1551,Legendary
1552,Ultimate
1553,Super Rare
1554,Common
1555,Uncommon
1556,Uncommon
1557,Uncommon
1558,Epic
1559,Super Rare
1560,Uncommon
1561,Epic
1562,Uncommon
1563,Legendary
1564,Epic
1565,Legendary
1566,Legendary
1567,Rare
1568,Epic
1569,Common
1570,Common
1571,Uncommon
1572,Uncommon
1573,Rare
1574,Uncommon
1575,Uncommon
1576,Uncommon
1577,Super Rare
1578,Ultimate
1579,Uncommon
1580,Common
1581,Uncommon
1582,Legendary
1583,Uncommon
1584,Super Rare
1585,Epic
1586,Rare
1587,Uncommon
1588,Legendary
1589,Uncommon
1590,Uncommon
1591,Common
1592,Rare
1593,Rare
1594,Super Rare
1595,Super Rare
1596,Uncommon
1597,Super Rare
1598,Rare
1599,Common
1600,Epic
1601,Rare
1602,Common
1603,Legendary
1604,Legendary
1605,Ultimate
1606,Uncommon
1607,Ultimate
1608,Common
1609,Rare
1610,Epic
1611,Epic
1612,Epic
1613,Uncommon
1614,Common
1615,Uncommon
1616,Common
1617,Uncommon
1618,Common
1619,Common
1620,Epic
1621,Rare
1622,Rare
1623,Uncommon
1624,Super Rare
1625,Rare
1626,Epic
1627,Super Rare
1628,Common
1629,Uncommon
1630,Epic
1631,Super Rare
1632,Common
1633,Super Rare
1634,Epic
1635,Uncommon
1636,Uncommon
1637,Epic
1638,Uncommon
1639,Rare
1640,Super Rare
1641,Uncommon
1642,Common
1643,Super Rare
1644,Uncommon
1645,Ultimate
1646,Uncommon
1647,Super Rare
1648,Common
1649,Ultimate
1650,Rare
1651,Epic
1652,Super Rare
1653,Common
1654,Common
1655,Rare
1656,Rare
1657,Uncommon
1658,Super Rare
1659,Rare
1660,Common
1661,Rare
1662,Rare
1663,Epic
1664,Rare
1665,Super Rare
1666,Rare
1667,Rare
1668,Uncommon
1669,Common
1670,Rare
1671,Epic
1672,Common
1673,Common
1674,Epic
1675,Rare
1676,Rare
1677,Super Rare
1678,Super Rare
1679,Super Rare
1680,Super Rare
1681,Rare
1682,Super Rare
1683,Common
1684,Uncommon
1685,Uncommon
1686,Legendary
1687,Super Rare
1688,Legendary
1689,Super Rare
1690,Super Rare
1691,Rare
1692,Super Rare
1693,Common
1694,Rare
1695,Rare
1696,Common
1697,Ultimate
1698,Common
1699,Uncommon
1700,Legendary
1701,Rare
1702,Rare
1703,Super Rare
1704,Uncommon
1705,Rare
1706,Legendary
1707,Ultimate
1708,Common
1709,Super Rare
1710,Epic
1711,Common
1712,Legendary
1713,Rare
1714,Common
1715,Epic
1716,Rare
1717,Uncommon
1718,Legendary
1719,Uncommon
1720,Common
1721,Uncommon
1722,Legendary
1723,Super Rare
1724,Uncommon
1725,Common
1726,Super Rare
1727,Rare
1728,Super Rare
1729,Rare
1730,Uncommon
1731,Ultimate
1732,Super Rare
1733,Epic
1734,Common
1735,Uncommon
1736,Common
1737,Rare
1738,Rare
1739,Common
1740,Super Rare
1741,Legendary
1742,Common
1743,Uncommon
1744,Uncommon
1745,Common
1746,Common
1747,Epic
1748,Super Rare
1749,Common
1750,Common
1751,Epic
1752,Common
1753,Epic
1754,Super Rare
1755,Rare
1756,Legendary
1757,Common
1758,Uncommon
1759,Rare
1760,Uncommon
1761,Common
1762,Uncommon
1763,Super Rare
1764,Common
1765,Super Rare
1766,Uncommon
1767,Common
1768,Rare
1769,Epic
1770,Common
1771,Legendary
1772,Uncommon
1773,Super Rare
1774,Legendary
1775,Uncommon
1776,Uncommon
1777,Uncommon
1778,Epic
1779,Common
1780,Epic
1781,Uncommon
1782,Rare
1783,Uncommon
1784,Rare
1785,Legendary
1786,Uncommon
1787,Super Rare
1788,Legendary
1789,Rare
1790,Super Rare
1791,Common
1792,Super Rare
1793,Epic
1794,Super Rare
1795,Uncommon
1796,Uncommon
1797,Rare
1798,Rare
1799,Uncommon
1800,Common
1801,Super Rare
1802,Uncommon
1803,Uncommon
1804,Rare
1805,Uncommon
1806,Ultimate
1807,Uncommon
1808,Super Rare
1809,Uncommon
1810,Legendary
1811,Epic
1812,Epic
1813,Epic
1814,Epic
1815,Common
1816,Rare
1817,Uncommon
1818,Uncommon
1819,Uncommon
1820,Uncommon
1821,Rare
1822,Common
1823,Rare
1824,Super Rare
1825,Rare
1826,Uncommon
1827,Super Rare
1828,Common
1829,Epic
1830,Epic
1831,Rare
1832,Uncommon
1833,Uncommon
1834,Uncommon
1835,Common
1836,Common
1837,Rare
1838,Uncommon
1839,Uncommon
1840,Ultimate
1841,Epic
1842,Ultimate
1843,Rare
1844,Rare
1845,Legendary
1846,Rare
1847,Ultimate
1848,Uncommon
1849,Super Rare
1850,Legendary
1851,Epic
1852,Common
1853,Super Rare
1854,Uncommon
1855,Super Rare
1856,Common
1857,Super Rare
1858,Epic
1859,Common
1860,Super Rare
1861,Uncommon
1862,Legendary
1863,Common
1864,Rare
1865,Rare
1866,Legendary
1867,Uncommon
1868,Rare
1869,Legendary
1870,Legendary
1871,Uncommon
1872,Rare
1873,Common
1874,Rare
1875,Uncommon
1876,Uncommon
1877,Uncommon
1878,Legendary
1879,Legendary
1880,Epic
1881,Super Rare
1882,Uncommon
1883,Rare
1884,Uncommon
1885,Ultimate
1886,Uncommon
1887,Super Rare
1888,Epic
1889,Common
1890,Epic
1891,Super Rare
1892,Rare
1893,Common
1894,Uncommon
1895,Uncommon
1896,Common
1897,Super Rare
1898,Rare
1899,Rare
1900,Common
1901,Common
1902,Rare
1903,Common
1904,Super Rare
1905,Common
1906,Rare
1907,Legendary
1908,Rare
1909,Legendary
1910,Super Rare
1911,Ultimate
1912,Rare
1913,Common
1914,Uncommon
1915,Uncommon
1916,Super Rare
1917,Epic
1918,Super Rare
1919,Super Rare
1920,Uncommon
1921,Super Rare
1922,Epic
1923,Uncommon
1924,Common
1925,Common
1926,Legendary
1927,Legendary
1928,Common
1929,Rare
1930,Common
1931,Uncommon
1932,Rare
1933,Super Rare
1934,Uncommon
1935,Epic
1936,Super Rare
1937,Legendary
1938,Uncommon
1939,Epic
1940,Common
1941,Common
1942,Epic
1943,Uncommon
1944,Rare
1945,Rare
1946,Epic
1947,Rare
1948,Legendary
1949,Super Rare
1950,Common
1951,Super Rare
1952,Rare
1953,Epic
1954,Rare
1955,Common
1956,Super Rare
1957,Rare
1958,Epic
1959,Legendary
1960,Ultimate
1961,Epic
1962,Legendary
1963,Common
1964,Rare
1965,Uncommon
1966,Epic
1967,Rare
1968,Ultimate
1969,Super Rare
1970,Rare
1971,Legendary
1972,Rare
1973,Super Rare
1974,Epic
1975,Rare
1976,Super Rare
1977,Rare
1978,Legendary
1979,Legendary
1980,Super Rare
1981,Super Rare
1982,Rare
1983,Common
1984,Uncommon
1985,Common
1986,Uncommon
1987,Epic
1988,Uncommon
1989,Epic
1990,Common
1991,Common
1992,Ultimate
1993,Legendary
1994,Common
1995,Uncommon
1996,Uncommon
1997,Legendary
1998,Epic
1999,Uncommon
2000,Epic
